Workbook

Sheet CHECKSHEET
A2: Pre-commissioning Preliminary Check List - Walkdown (PS4/PS5)
A3: Sr. no | B3: Item / Activity | C3: Check Point for attendance at site | D3: Power Gen | E3: PS-4 Sub-system No. | F3: PS-5 Sub-system No. | G3: Comments
A4: 1 | B4: Injector tip Cooling Module (Repeated for All Skids) | D4: PG | E4: PS4-60-35/36/37/38/39/40/41 | F4: PS5-60-35/36/37/38/39/40/41 | H4: Milestone B | I4: Milestone D | J4: Milestone E
A5: 2 | B5: Alternator bearing cooling skid (Repeated for All Skids) | D5: PG | E5: PS4-60-01/04/07/10/13/16/19 | F5: PS5-60-01/04/07/10/13/16/19 | H5: Milestone B | I5: Milestone D | J5: Milestone E
A6: 3 | B6: Lube oil separator module (Repeated for All Skids) | D6: PG | E6: PS4-60-49/50/51/52/53/54/55 | F6: PS5-60-49/50/51/52/53/54/55 | H6: Milestone B | I6: Milestone D | J6: Milestone E
A7: 4 | B7: Oil mist eliminator (Vent Purifier) (Repeated for All Units) | D7: PG | E7: PS4-60-42/43/44/45/46/47/48 | F7: PS5-60-42/43/44/45/46/47/48 | H7: Milestone B | I7: Milestone D | J7: Milestone E
A8: 5 | B8: External Cooler Skid (Repeated for All Skids) | D8: PG | E8: PS4-60-35/36/37/38/39/40/41 | F8: PS5-60-35/36/37/38/39/40/41 | H8: Milestone B | I8: Milestone D | J8: Milestone E
A9: 6 | B9: Engine Cooling Radiator (Repeated for All Skids) | D9: PG | E9: PS4-60-70/71/72/73/74/75/76 | F9: PS5-60-70/71/72/73/74/75/76 | H9: Milestone B | I9: Milestone D | J9: Milestone E
A10: 7 | B10: Cooling water expansion Tank(s) (Repeated for All Skids) | D10: PG | E10: PS4-60-70/71/72/73/74/75/76 | F10: PS5-60-70/71/72/73/74/75/76 | H10: Milestone B | I10: Milestone D | J10: Milestone E
A11: 8 | B11: Fuel Conditioning module unit (FCU) (Repeated for All Skids) | D11: PG | E11: PS4-60-56/58/60/62/64/66/68 | F11: PS5-60-56/58/60/62/64/66/68 | H11: Milestone B | I11: Milestone D | J11: Milestone E
A12: 9 | B12: Starting Compressed air skid | D12: PG | E12: PS4-60-27 | F12: PS5-60-27 | H12: Milestone B
A13: 10 | B13: Starting Compressed air Bottles | D13: PG | E13: PS4-60-27 | F13: PS5-60-27 | H13: Milestone B
A14: 11 | B14: Instrument Air Compressor Skid | D14: PG | E14: PS4-60-26 | F14: PS5-60-26 | H14: Milestone B
A15: 12 | B15: Crude separator module (A/B) | D15: PG | E15: PS4-71-06 | F15: PS5-71-06 | H15: Milestone H
A16: 13 | B16: Diesel oil separator module | D16: PG | E16: PS4-71-22 | F16: PS5-71-22 | H16: Milestone B
A17: 14 | B17: Crude pre-pressure module | D17: PG | E17: PS4-71-08 | F17: PS5-71-08 | H17: Milestone H
A18: 15 | B18: Diesel oil pre-pressure module | D18: PG | E18: PS4-71-22 | F18: PS5-71-22 | H18: Milestone B
A19: 16 | B19: Self supporting exhaust Chimney (repeated) | D19: PG | E19: PS4-60-35/36/37/38/39/40/41 | F19: PS5-60-35/36/37/38/39/40/41 | H19: Milestone B | I19: Milestone D | J19: Milestone E
A20: 17 | B20: Exhaust gas silencer (Repeated) | D20: PG | E20: PS4-60-35/36/37/38/39/40/41 | F20: PS5-60-35/36/37/38/39/40/41 | H20: Milestone B | I20: Milestone D | J20: Milestone E
A21: 18 | B21: Exhaust Line ducting (Repeated) | D21: PG | E21: PS4-60-35/36/37/38/39/40/41 | F21: PS5-60-35/36/37/38/39/40/41 | H21: Milestone B | I21: Milestone D | J21: Milestone E
A22: 19 | B22: Air Intake ducting (Repeated) | D22: PG | E22: PS4-60-35/36/37/38/39/40/41 | F22: PS5-60-35/36/37/38/39/40/41 | H22: Milestone B | I22: Milestone D | J22: Milestone E
A23: 20 | B23: Engine MCC - CRO Generator set | D23: PG | E23: PS4-60-03/06/09/12/15/18/21 | F23: PS5-60-03/06/09/12/15/18/21 | H23: Milestone B | I23: Milestone D | J23: Milestone E
A24: 21 | B24: Power Generation Common/Treatment MCC | D24: PG | E24: PS4-60-22 | F24: PS5-60-22 | H24: Milestone B
A25: 22 | B25: Local display panel LDP Generator set | D25: PG | E25: PS4-60-01/04/07/10/13/16/19 | F25: PS5-60-01/04/07/10/13/16/19 | H25: Milestone B | I25: Milestone D | J25: Milestone E
A26: 23 | B26: GCP Generator Set | D26: PG | E26: PS4-60-02/05/08/11/14/17/20 | F26: PS5-60-02/05/08/11/14/17/20 | H26: Milestone B | I26: Milestone D | J26: Milestone E
A27: 24 | B27: Master Control panel | D27: PG | E27: PS4-60-22 | F27: PS5-60-22 | H27: Milestone B
A28: 25 | B28: VTMS Vibration and temperature monitoring System | D28: PG | E28: PS4-60-01/10/16 | F28: PS5-60-01/10/16 | H28: Milestone B | I28: Milestone D
A29: 26 | B29: RAP remote access panel | D29: PG | E29: PS4-60-22 | F29: PS5-60-22 | H29: Milestone B
A30: 27 | B30: Gas detection panel | D30: PG | E30: PS4-03-14 | F30: PS5-03-14 | H30: Milestone E
A31: 28 | B31: Power Step-up Transformer (PS4/PS5 only) | D31: PG | E31: PS4-60-01/04/07/10/13/16/19 | F31: PS5-60-01/04/07/10/13/16/19 | H31: Milestone B | I31: Milestone D | J31: Milestone E
A32: 29 | B32: Crude oil CFO- Separator Control Panel | D32: PG | E32: PS4-71-09 | F32: PS5-71-09 | H32: Milestone H
A33: 30 | B33: Diesel Fuel oil DFO Control Panels | D33: PG | E33: PS4-71-23 | F33: PS5-71-23 | H33: Milestone B
A34: 31 | B34: FCU Control Panel | D34: PG | E34: PS4-60-57/59/61/63/65/67/69 | F34: PS5-60-57/59/61/63/65/67/69 | H34: Milestone B | I34: Milestone D | J34: Milestone E
A35: 32 | B35: NGRs (PS4/PS5 only) | D35: PG | E35: PS4-60-01/04/07/10/13/16/19 | F35: PS5-60-01/04/07/10/13/16/19 | H35: Milestone B | I35: Milestone D | J35: Milestone E
E36: PS5-05-01,02

Sheet ITR SUMMARY
C4: Responsible Company : CPP AGI-VENDOR-MANTRAC CHECKLIST SUMMERY
C5: Discipline | D5: Total | E5: Closed | F5: % | G5: Open | I5: CUT OFF DATE-03-JULY-2026
I6: 27 June | J6: 28 June | K6: 29 June | L6: 30 June | M6: 1 July | N6: 2 July | O6: 3 July | P6: TOTAL | V6: MONTH | W6: TOTAL NO SS | X6: RFC SIGNED | Y6: TOTAL ITRS | Z6: TOTAL CLOSED | AA6: BALANCE | AB6: % COMPLETION | AC6: ITR CLOSED THIS WEEK
C7: CPP | V7: JUNE | W7: 10 | X7: 0 | Y7: =COUNTIFS('DETAILED ITR LIST'!#REF!,"JUNE") -> #REF! | Z7: =COUNTIFS('DETAILED ITR LIST'!#REF!,"JUNE",'DETAILED ITR LIST'!AC:AC,"CLOSED") -> #REF! | AA7: =Y7-Z7 -> #REF! | AB7: =Z7/Y7 -> #REF! | AC7: 29
C8: Mechanical | D8: =COUNTIF('DETAILED ITR LIST'!I:I,"M") -> 202 | E8: =COUNTIFS('DETAILED ITR LIST'!I:I,"M",'DETAILED ITR LIST'!AC:AC,"Closed") -> 202 | F8: =E8/D8 -> 1 | G8: =D8-E8 -> 0 | L8: 14 | P8: =SUM(I8:O8) -> 14 | V8: SEPTEMBER | W8: 53 | X8: 0 | Y8: =COUNTIFS('DETAILED ITR LIST'!#REF!,"SEPTEMBER") -> #REF! | Z8: =COUNTIFS('DETAILED ITR LIST'!#REF!,"SEPTEMBER",'DETAILED ITR LIST'!AC:AC,"CLOSED") -> #REF! | AA8: =Y8-Z8 -> #REF! | AB8: =Z8/Y8 -> #REF! | AC8: 1
C9: Piping & Vessel | D9: =COUNTIF('DETAILED ITR LIST'!I:I,"P") -> 995 | E9: =COUNTIFS('DETAILED ITR LIST'!I:I,"P",'DETAILED ITR LIST'!AC:AC,"Closed") -> 578 | F9: =E9/D9 -> 0.58090452 | G9: =D9-E9 -> 417 | I9: 1 | L9: 9 | M9: 4 | N9: 19 | O9: 8 | P9: =SUM(I9:O9) -> 41 | V9: OCTOBER | W9: 7 | X9: 0 | Y9: =COUNTIFS('DETAILED ITR LIST'!#REF!,"OCTOBER") -> #REF! | Z9: =COUNTIFS('DETAILED ITR LIST'!#REF!,"OCTOBER",'DETAILED ITR LIST'!AC:AC,"CLOSED") -> #REF! | AA9: =Y9-Z9 -> #REF! | AB9: =Z9/Y9 -> #REF! | AC9: 0
C10: Total | D10: =SUM(D8:D9) -> 1197 | E10: =SUM(E8:E9) -> 780 | F10: =E10/D10 -> 0.65162907 | G10: =SUM(G8:G9) -> 417 | H10: =SUM(H8:H9) -> 0 | I10: =SUM(I8:I9) -> 1 | J10: =SUM(J8:J9) -> 0 | K10: =SUM(K8:K9) -> 0 | L10: =SUM(L8:L9) -> 23 | M10: =SUM(M8:M9) -> 4 | N10: =SUM(N8:N9) -> 19 | ... P10: =SUM(P8:P9) -> 55
C11: EIT | V11: MONTH | W11: TOTAL NO SS | X11: RFC SIGNED | Y11: TOTAL ITRS | Z11: TOTAL CLOSED | AA11: BALANCE | AB11: % COMPLETION | AC11: ITR CLOSED THIS WEEK
C12: Electrical | D12: =COUNTIF('DETAILED ITR LIST'!I:I,"E") -> 1451 | E12: =COUNTIFS('DETAILED ITR LIST'!I:I,"E",'DETAILED ITR LIST'!AC:AC,"Closed") -> 300 | F12: =E12/D12 -> 0.20675396 | G12: =D12-E12 -> 1151 | I12: 15 | M12: 35 | O12: 8 | P12: =SUM(I12:O12) -> 58 | V12: JUNE | W12: 9 | X12: 0 | Y12: 437 | Z12: 47 | AA12: =Y12-Z12 -> 390 | AB12: =Z12/Y12 -> 0.10755149 | AC12: 29
C13: Instrumentation | D13: =COUNTIF('DETAILED ITR LIST'!I:I,"I") -> 1366 | E13: =COUNTIFS('DETAILED ITR LIST'!I:I,"I",'DETAILED ITR LIST'!AC:AC,"Closed") -> 18 | F13: =E13/D13 -> 0.01317716 | G13: =D13-E13 -> 1348 | M13: 18 | P13: =SUM(I13:O13) -> 18 | V13: JULY | W13: 48 | X13: 0 | Y13: 2705 | Z13: 306 | AA13: =Y13-Z13 -> 2399 | AB13: =Z13/Y13 -> 0.11312384 | AC13: 33
C14: Telecom | D14: =COUNTIF('DETAILED ITR LIST'!I:I,"T") -> 130 | E14: =COUNTIFS('DETAILED ITR LIST'!I:I,"T",'DETAILED ITR LIST'!AC:AC,"Closed") -> 0 | F14: =E14/D14 -> 0 | G14: =D14-E14 -> 130 | P14: =SUM(I14:O14) -> 0 | V14: AUGUST | W14: 129 | X14: 0 | Y14: 6505 | Z14: 874 | AA14: =Y14-Z14 -> 5631 | AB14: =Z14/Y14 -> 0.13435819 | AC14: 35
C15: Total | D15: =SUM(D12:D14) -> 2947 | E15: =SUM(E12:E14) -> 318 | F15: =E15/D15 -> 0.10790635 | G15: =SUM(G12:G14) -> 2629 | H15: =SUM(H12:H14) -> 0 | I15: =SUM(I12:I14) -> 15 | J15: =SUM(J12:J14) -> 0 | K15: =SUM(K12:K14) -> 0 | L15: =SUM(L12:L14) -> 0 | M15: =SUM(M12:M14) -> 53 | N15: =SUM(N12:N14) -> 0 | ... P15: =SUM(P12:P14) -> 76 | V15: SEPTEMBER | W15: 53 | X15: 0 | Y15: 1930 | Z15: 270 | AA15: =Y15-Z15 -> 1660 | AB15: =Z15/Y15 -> 0.13989637 | AC15: 1
C16: Grand Total | D16: =D10+D15 -> 4144 | E16: =E10+E15 -> 1098 | F16: =E16/D16 -> 0.26496139 | G16: =G10+G15 -> 3046 | H16: =H10+H15 -> 0 | I16: =I10+I15 -> 16 | J16: =J10+J15 -> 0 | K16: =K10+K15 -> 0 | L16: =L10+L15 -> 23 | M16: =M10+M15 -> 57 | N16: =N10+N15 -> 19 | ... P16: =P10+P15 -> 131 | V16: OCTOBER | W16: 7 | X16: 0 | Y16: 1183 | Z16: 2 | AA16: =Y16-Z16 -> 1181 | AB16: =Z16/Y16 -> 0.0016906171 | AC16: 0
C17: *Note: This report was generated based on Hexagon data as of- July 3 2026 at 7.00 AM | V17: Grand Total | W17: 248 | X17: 0 | Y17: 12763 | Z17: 1501 | AA17: =Y17-Z17 -> 11262 | AB17: =Z17/Y17 -> 0.11760558 | AC17: 98
D28: =13849-13905 -> -56

Sheet DETAILED ITR LIST
A1: Task ID | B1: Asset - Tag | C1: Asset Pack ID | D1: Cable Pack ID | E1: Pipe Pack ID | F1: Loop Name | G1: Description | H1: Category (Summary) | I1: Discipline | J1: Task Type (Name) | K1: Discipline (Summary) | L1: Asset - Description | M1: Systemization - Process Plant ID | N1: Responsible Company (Summary) | O1: Actual Duration | P1: Scheduled Duration | Q1: Task Duration | R1: Title - Actual MH/Person | S1: Title - Planned MH/Person | T1: Field005 (Custom) | U1: Physical Location - Area (Summary) | V1: Systemization - Subsystem (Summary) | W1: Closing Date | X1: Subsystem ID | Y1: Priority | Z1: Priority | AA1: Test Form - Description | AB1: Asset Discipline | AC1: Task State | AD1: Priority | AE1: RFC
A2: T-00018-0192 | B2: PS5-61-IU-0001A | G2: CPX02 - Power transformer | H2: PCOM - Precommissioning | I2: E | J2: Conformity Check | K2: E - Electrical | L2: 11/33kV Transformer - 6.8 MVA | M2: EACOP | N2: CPP AGI | Q2: 16 | U2: PS5 - TZA - PS5 - Tanzania | V2: PS5-60-01 - Power Generation Package A | X2: PS5-60-01 | AA2: Power Transformer | AB2: E | AC2: To be completed | AD2: PS5 - Milestone B
A3: T-00018-0193 | B3: PS5-61-IU-0001B | G3: CPX02 - Power transformer | H3: PCOM - Precommissioning | I3: E | J3: Conformity Check | K3: E - Electrical | L3: 11/33kV Transformer - 6.8 MVA | M3: EACOP | N3: CPP AGI | Q3: 16 | U3: PS5 - TZA - PS5 - Tanzania | V3: PS5-60-04 - Power Generation Package B | X3: PS5-60-04 | AA3: Power Transformer | AB3: E | AC3: To be completed | AD3: PS5 - Milestone B
A4: T-00018-0194 | B4: PS5-61-IU-0001C | G4: CPX02 - Power transformer | H4: PCOM - Precommissioning | I4: E | J4: Conformity Check | K4: E - Electrical | L4: 11/33kV Transformer - 6.8 MVA | M4: EACOP | N4: CPP AGI | Q4: 16 | U4: PS5 - TZA - PS5 - Tanzania | V4: PS5-60-07 - Power Generation Package C | X4: PS5-60-07 | AA4: Power Transformer | AB4: E | AC4: To be completed | AD4: PS5 - Milestone D
A5: T-00018-0195 | B5: PS5-61-IU-0001D | G5: CPX02 - Power transformer | H5: PCOM - Precommissioning | I5: E | J5: Conformity Check | K5: E - Electrical | L5: 11/33kV Transformer - 6.8 MVA | M5: EACOP | N5: CPP AGI | Q5: 16 | U5: PS5 - TZA - PS5 - Tanzania | V5: PS5-60-10 - Power Generation Package D | X5: PS5-60-10 | AA5: Power Transformer | AB5: E | AC5: To be completed | AD5: PS5 - Milestone D
A6: T-00018-0196 | B6: PS5-61-IU-0001E | G6: CPX02 - Power transformer | H6: PCOM - Precommissioning | I6: E | J6: Conformity Check | K6: E - Electrical | L6: 11/33kV Transformer - 6.8 MVA | M6: EACOP | N6: CPP AGI | Q6: 16 | U6: PS5 - TZA - PS5 - Tanzania | V6: PS5-60-13 - Power Generation Package E | X6: PS5-60-13 | AA6: Power Transformer | AB6: E | AC6: To be completed | AD6: PS5 - Milestone D
A7: T-00018-0197 | B7: PS5-61-IU-0001F | G7: CPX02 - Power transformer | H7: PCOM - Precommissioning | I7: E | J7: Conformity Check | K7: E - Electrical | L7: 11/33kV Transformer - 6.8 MVA | M7: EACOP | N7: CPP AGI | Q7: 16 | U7: PS5 - TZA - PS5 - Tanzania | V7: PS5-60-16 - Power Generation Package F | X7: PS5-60-16 | AA7: Power Transformer | AB7: E | AC7: To be completed | AD7: PS5 - Milestone D
A8: T-00018-0198 | B8: PS5-61-IU-0001G | G8: CPX02 - Power transformer | H8: PCOM - Precommissioning | I8: E | J8: Conformity Check | K8: E - Electrical | L8: 11/33kV Transformer - 6.8 MVA | M8: EACOP | N8: CPP AGI | Q8: 16 | U8: PS5 - TZA - PS5 - Tanzania | V8: PS5-60-19 - Power Generation Package G | X8: PS5-60-19 | AA8: Power Transformer | AB8: E | AC8: To be completed | AD8: PS5 - Milestone E
A9: T-00022-3334 | B9: PS5-60-IJ-0001A-CH04 | G9: CPX08 - HV Power Cable | H9: PCOM - Precommissioning | I9: E | J9: Conformity Check | K9: E - Electrical | L9: Cable FROM PS5-60-GE-8100A TO PS5-60-IJ-0001A | M9: EACOP | N9: CPP AGI | Q9: 4 | T9: TZ-MID-68-WPR2-150101 | U9: PS5 - TZA - PS5 - Tanzania | V9: PS5-60-01 - Power Generation Package A | W9: 46088.478 | X9: PS5-60-01 | AA9: HV Power Cable | AB9: E | AC9: Closed | AD9: PS5 - Milestone B
A10: T-00022-3335 | B10: PS5-60-IJ-0001B-CH04 | G10: CPX08 - HV Power Cable | H10: PCOM - Precommissioning | I10: E | J10: Conformity Check | K10: E - Electrical | L10: Cable FROM PS5-60-GE-8100B TO PS5-60-IJ-0001B | M10: EACOP | N10: CPP AGI | Q10: 4 | T10: TZ-MID-68-WPR2-150101 | U10: PS5 - TZA - PS5 - Tanzania | V10: PS5-60-04 - Power Generation Package B | W10: 46088.483 | X10: PS5-60-04 | AA10: HV Power Cable | AB10: E | AC10: Closed | AD10: PS5 - Milestone B
A11: T-00022-3336 | B11: PS5-60-IJ-0001C-CH04 | G11: CPX08 - HV Power Cable | H11: PCOM - Precommissioning | I11: E | J11: Conformity Check | K11: E - Electrical | L11: Cable FROM PS5-60-GE-8100C TO PS5-60-IJ-0001C | M11: EACOP | N11: CPP AGI | Q11: 4 | T11: TZ-MID-68-WPR2-150101 | U11: PS5 - TZA - PS5 - Tanzania | V11: PS5-60-07 - Power Generation Package C | W11: 46088.485 | X11: PS5-60-07 | AA11: HV Power Cable | AB11: E | AC11: Closed | AD11: PS5 - Milestone D
A12: T-00022-3337 | B12: PS5-60-IJ-0001D-CH04 | G12: CPX08 - HV Power Cable | H12: PCOM - Precommissioning | I12: E | J12: Conformity Check | K12: E - Electrical | L12: Cable FROM PS5-60-GE-8100D TO PS5-60-IJ-0001D | M12: EACOP | N12: CPP AGI | Q12: 4 | T12: TZ-MID-68-WPR2-150101 | U12: PS5 - TZA - PS5 - Tanzania | V12: PS5-60-10 - Power Generation Package D | W12: 46088.488 | X12: PS5-60-10 | AA12: HV Power Cable | AB12: E | AC12: Closed | AD12: PS5 - Milestone D
A13: T-00022-3338 | B13: PS5-60-IJ-0001E-CH04 | G13: CPX08 - HV Power Cable | H13: PCOM - Precommissioning | I13: E | J13: Conformity Check | K13: E - Electrical | L13: Cable FROM PS5-60-GE-8100E TO PS5-60-IJ-0001E | M13: EACOP | N13: CPP AGI | Q13: 4 | T13: TZ-MID-68-WPR2-150101 | U13: PS5 - TZA - PS5 - Tanzania | V13: PS5-60-13 - Power Generation Package E | W13: 46088.49 | X13: PS5-60-13 | AA13: HV Power Cable | AB13: E | AC13: Closed | AD13: PS5 - Milestone D
A14: T-00022-3339 | B14: PS5-60-IJ-0001F-CH04 | G14: CPX08 - HV Power Cable | H14: PCOM - Precommissioning | I14: E | J14: Conformity Check | K14: E - Electrical | L14: Cable FROM PS5-60-GE-8100F TO PS5-60-IJ-0001F | M14: EACOP | N14: CPP AGI | Q14: 4 | T14: TZ-MID-68-WPR2-150101 | U14: PS5 - TZA - PS5 - Tanzania | V14: PS5-60-16 - Power Generation Package F | W14: 46088.492 | X14: PS5-60-16 | AA14: HV Power Cable | AB14: E | AC14: Closed | AD14: PS5 - Milestone D
A15: T-00022-3340 | B15: PS5-60-IJ-0001G-CH04 | G15: CPX08 - HV Power Cable | H15: PCOM - Precommissioning | I15: E | J15: Conformity Check | K15: E - Electrical | L15: Cable FROM PS5-60-GE-8100G TO PS5-60-IJ-0001G | M15: EACOP | N15: CPP AGI | Q15: 4 | T15: TZ-MID-68-WPR2-150101 | U15: PS5 - TZA - PS5 - Tanzania | V15: PS5-60-19 - Power Generation Package G | W15: 46088.494 | X15: PS5-60-19 | AA15: HV Power Cable | AB15: E | AC15: Closed | AD15: PS5 - Milestone E
A16: T-00022-3377 | B16: PS5-61-IJ-0001-CH01 | G16: CPX08 - HV Power Cable | H16: PCOM - Precommissioning | I16: E | J16: Conformity Check | K16: E - Electrical | L16: Cable FROM PS5-61-IU-0001A TO PS5-61-IJ-0001 | M16: EACOP | N16: CPP AGI | Q16: 4 | T16: TZ-MID-68-WPR2-150101 | U16: PS5 - TZA - PS5 - Tanzania | V16: PS5-60-01 - Power Generation Package A | W16: 46136.342 | X16: PS5-60-01 | AA16: HV Power Cable | AB16: E | AC16: Closed | AD16: PS5 - Milestone B
A17: T-00022-3378 | B17: PS5-61-IJ-0001-CH02 | G17: CPX08 - HV Power Cable | H17: PCOM - Precommissioning | I17: E | J17: Conformity Check | K17: E - Electrical | L17: Cable FROM PS5-61-IU-0001A TO PS5-61-IJ-0001 | M17: EACOP | N17: CPP AGI | Q17: 4 | T17: TZ-MID-68-WPR2-150101 | U17: PS5 - TZA - PS5 - Tanzania | V17: PS5-60-01 - Power Generation Package A | W17: 46136.541 | X17: PS5-60-01 | AA17: HV Power Cable | AB17: E | AC17: Closed | AD17: PS5 - Milestone B
A18: T-00022-3379 | B18: PS5-61-IJ-0001-CH03 | G18: CPX08 - HV Power Cable | H18: PCOM - Precommissioning | I18: E | J18: Conformity Check | K18: E - Electrical | L18: Cable FROM PS5-61-IU-0001A TO PS5-61-IJ-0001 | M18: EACOP | N18: CPP AGI | Q18: 4 | T18: TZ-MID-68-WPR2-150101 | U18: PS5 - TZA - PS5 - Tanzania | V18: PS5-60-01 - Power Generation Package A | W18: 46136.542 | X18: PS5-60-01 | AA18: HV Power Cable | AB18: E | AC18: Closed | AD18: PS5 - Milestone B
A19: T-00022-3380 | B19: PS5-61-IJ-0001-CH04 | G19: CPX08 - HV Power Cable | H19: PCOM - Precommissioning | I19: E | J19: Conformity Check | K19: E - Electrical | L19: Cable FROM PS5-61-IU-0001B TO PS5-61-IJ-0001 | M19: EACOP | N19: CPP AGI | Q19: 4 | T19: TZ-MID-68-WPR2-150101 | U19: PS5 - TZA - PS5 - Tanzania | V19: PS5-60-04 - Power Generation Package B | W19: 46136.542 | X19: PS5-60-04 | AA19: HV Power Cable | AB19: E | AC19: Closed | AD19: PS5 - Milestone B
A20: T-00022-3381 | B20: PS5-61-IJ-0001-CH05 | G20: CPX08 - HV Power Cable | H20: PCOM - Precommissioning | I20: E | J20: Conformity Check | K20: E - Electrical | L20: Cable FROM PS5-61-IU-0001B TO PS5-61-IJ-0001 | M20: EACOP | N20: CPP AGI | Q20: 4 | T20: TZ-MID-68-WPR2-150101 | U20: PS5 - TZA - PS5 - Tanzania | V20: PS5-60-04 - Power Generation Package B | W20: 46136.542 | X20: PS5-60-04 | AA20: HV Power Cable | AB20: E | AC20: Closed | AD20: PS5 - Milestone B
... A57: T-00022-3430 | B57: PS5-61-IU-0001G-CH03 | G57: CPX08 - HV Power Cable | H57: PCOM - Precommissioning | I57: E | J57: Conformity Check | K57: E - Electrical | L57: Cable FROM PS5-60-GE-8100G TO PS5-61-IU-0001G | M57: EACOP | N57: CPP AGI | Q57: 4 | T57: TZ-MID-68-WPR2-150101 | U57: PS5 - TZA - PS5 - Tanzania | V57: PS5-60-19 - Power Generation Package G | W57: 46075.472 | X57: PS5-60-19 | AA57: HV Power Cable | AB57: E | AC57: Closed | AD57: PS5 - Milestone E
A58: T-00023-10536 | B58: PS5-60-IN-0002A-CG01 | G58: CPX09 - LV Power Cable | H58: PCOM - Precommissioning | I58: E | J58: Conformity Check | K58: E - Electrical | L58: Cable FROM PS5-60-IH-0001A TO PS5-60-IN-0002A | M58: EACOP | N58: CPP AGI | Q58: 1 | S58: 1 | U58: PS5 - TZA - PS5 - Tanzania | V58: PS5-60-57 - Fuel Conditioning Module PS5-60-UZ-8900A (UCP) | X58: PS5-60-57 | AA58: LV Power Cable | AB58: E | AC58: To be completed | AD58: PS5 - Milestone B
A59: T-00023-10537 | B59: PS5-60-IN-0002B-CG01 | G59: CPX09 - LV Power Cable | H59: PCOM - Precommissioning | I59: E | J59: Conformity Check | K59: E - Electrical | L59: Cable FROM PS5-60-IH-0001B TO PS5-60-IN-0002B | M59: EACOP | N59: CPP AGI | Q59: 1 | S59: 1 | U59: PS5 - TZA - PS5 - Tanzania | V59: PS5-60-59 - Fuel Conditioning Module PS5-60-UZ-8900B (UCP) | X59: PS5-60-59 | AA59: LV Power Cable | AB59: E | AC59: To be completed | AD59: PS5 - Milestone B
A60: T-00023-10538 | B60: PS5-60-IN-0002C-CG01 | G60: CPX09 - LV Power Cable | H60: PCOM - Precommissioning | I60: E | J60: Conformity Check | K60: E - Electrical | L60: Cable FROM PS5-60-IH-0001C TO PS5-60-IN-0002C | M60: EACOP | N60: CPP AGI | Q60: 1 | S60: 1 | U60: PS5 - TZA - PS5 - Tanzania | V60: PS5-60-61 - Fuel Conditioning Module PS5-60-UZ-8900C (UCP) | X60: PS5-60-61 | AA60: LV Power Cable | AB60: E | AC60: To be completed | AD60: PS5 - Milestone D
A61: T-00023-10539 | B61: PS5-60-IN-0002D-CG01 | G61: CPX09 - LV Power Cable | H61: PCOM - Precommissioning | I61: E | J61: Conformity Check | K61: E - Electrical | L61: Cable FROM PS5-60-IH-0001D TO PS5-60-IN-0002D | M61: EACOP | N61: CPP AGI | Q61: 1 | S61: 1 | U61: PS5 - TZA - PS5 - Tanzania | V61: PS5-60-63 - Fuel Conditioning Module PS5-60-UZ-8900D (UCP) | X61: PS5-60-63 | AA61: LV Power Cable | AB61: E | AC61: To be completed | AD61: PS5 - Milestone D
A62: T-00023-10540 | B62: PS5-60-IN-0002E-CG01 | G62: CPX09 - LV Power Cable | H62: PCOM - Precommissioning | I62: E | J62: Conformity Check | K62: E - Electrical | L62: Cable FROM PS5-60-IH-0001E TO PS5-60-IN-0002E | M62: EACOP | N62: CPP AGI | Q62: 1 | S62: 1 | U62: PS5 - TZA - PS5 - Tanzania | V62: PS5-60-65 - Fuel Conditioning Module PS5-60-UZ-8900E (UCP) | X62: PS5-60-65 | AA62: LV Power Cable | AB62: E | AC62: To be completed | AD62: PS5 - Milestone D
A63: T-00023-10541 | B63: PS5-60-IN-0002F-CG01 | G63: CPX09 - LV Power Cable | H63: PCOM - Precommissioning | I63: E | J63: Conformity Check | K63: E - Electrical | L63: Cable FROM PS5-60-IH-0001F TO PS5-60-IN-0002F | M63: EACOP | N63: CPP AGI | Q63: 1 | S63: 1 | U63: PS5 - TZA - PS5 - Tanzania | V63: PS5-60-67 - Fuel Conditioning Module PS5-60-UZ-8900F (UCP) | X63: PS5-60-67 | AA63: LV Power Cable | AB63: E | AC63: To be completed | AD63: PS5 - Milestone D
A64: T-00023-10542 | B64: PS5-60-IN-0002G-CG01 | G64: CPX09 - LV Power Cable | H64: PCOM - Precommissioning | I64: E | J64: Conformity Check | K64: E - Electrical | L64: Cable FROM PS5-60-IH-0001G TO PS5-60-IN-0002G | M64: EACOP | N64: CPP AGI | Q64: 1 | S64: 1 | U64: PS5 - TZA - PS5 - Tanzania | V64: PS5-60-69 - Fuel Conditioning Module PS5-60-UZ-8900G (UCP) | X64: PS5-60-69 | AA64: LV Power Cable | AB64: E | AC64: To be completed | AD64: PS5 - Milestone E
A65: T-00023-10593 | B65: PS5-60-IH-0001A-CG01 | G65: CPX09 - LV Power Cable | H65: PCOM - Precommissioning | I65: E | J65: Conformity Check | K65: E - Electrical | L65: Cable FROM PS5-61-IK-0003 TO PS5-60-IH-0001A | M65: EACOP | N65: CPP AGI | Q65: 1 | S65: 1 | U65: PS5 - TZA - PS5 - Tanzania | V65: PS5-60-03 - Power Gen Package A Generator Auxiliary MCCs & DBs | X65: PS5-60-03 | AA65: LV Power Cable | AB65: E | AC65: To be completed | AD65: PS5 - Milestone B
A66: T-00023-10594 | B66: PS5-60-IH-0001B-CG01 | G66: CPX09 - LV Power Cable | H66: PCOM - Precommissioning | I66: E | J66: Conformity Check | K66: E - Electrical | L66: Cable FROM PS5-61-IK-0003 TO PS5-60-IH-0001B | M66: EACOP | N66: CPP AGI | Q66: 1 | S66: 1 | U66: PS5 - TZA - PS5 - Tanzania | V66: PS5-60-06 - Power Gen Package B Generator Auxiliary MCCs & DBs | X66: PS5-60-06 | AA66: LV Power Cable | AB66: E | AC66: To be completed | AD66: PS5 - Milestone B
A67: T-00023-10595 | B67: PS5-60-IH-0001C-CG01 | G67: CPX09 - LV Power Cable | H67: PCOM - Precommissioning | I67: E | J67: Conformity Check | K67: E - Electrical | L67: Cable FROM PS5-61-IK-0003 TO PS5-60-IH-0001C | M67: EACOP | N67: CPP AGI | Q67: 1 | S67: 1 | U67: PS5 - TZA - PS5 - Tanzania | V67: PS5-60-09 - Power Gen Package C Generator Auxiliary MCCs & DBs | X67: PS5-60-09 | AA67: LV Power Cable | AB67: E | AC67: To be completed | AD67: PS5 - Milestone D
A68: T-00023-10596 | B68: PS5-60-IH-0001D-CG01 | G68: CPX09 - LV Power Cable | H68: PCOM - Precommissioning | I68: E | J68: Conformity Check | K68: E - Electrical | L68: Cable FROM PS5-61-IK-0003 TO PS5-60-IH-0001D | M68: EACOP | N68: CPP AGI | Q68: 1 | S68: 1 | U68: PS5 - TZA - PS5 - Tanzania | V68: PS5-60-12 - Power Gen Package D Generator Auxiliary MCCs & DBs | X68: PS5-60-12 | AA68: LV Power Cable | AB68: E | AC68: To be completed | AD68: PS5 - Milestone D
A69: T-00023-10597 | B69: PS5-60-IH-0001E-CG01 | G69: CPX09 - LV Power Cable | H69: PCOM - Precommissioning | I69: E | J69: Conformity Check | K69: E - Electrical | L69: Cable FROM PS5-61-IK-0003 TO PS5-60-IH-0001E | M69: EACOP | N69: CPP AGI | Q69: 1 | S69: 1 | U69: PS5 - TZA - PS5 - Tanzania | V69: PS5-60-15 - Power Gen Package E Generator Auxiliary MCCs & DBs | X69: PS5-60-15 | AA69: LV Power Cable | AB69: E | AC69: To be completed | AD69: PS5 - Milestone D
... A91: T-00023-10904 | B91: PS5-60-ISO-62800G-CL01 | G91: CPX09 - LV Power Cable | H91: PCOM - Precommissioning | I91: E | J91: Conformity Check | K91: E - Electrical | L91: Cable FROM PS5-60-IH-0001G TO PS5-60-ISO-62800G | M91: EACOP | N91: CPP AGI | Q91: 1 | S91: 1 | U91: PS5 - TZA - PS5 - Tanzania | V91: PS5-60-21 - Power Gen Package G Generator Auxiliary MCCs & DBs | X91: PS5-60-21 | AA91: LV Power Cable | AB91: E | AC91: To be completed | AD91: PS5 - Milestone E
A92: T-00023-4725 | B92: PS5-03-SEA-0003-CL01 | G92: CPX09 - LV Power Cable | H92: PCOM - Precommissioning | I92: E | J92: Conformity Check | K92: E - Electrical | L92: Cable FROM PS5-06-IG-0004A TO PS5-03-SEA-0003 | M92: EACOP | N92: CPP AGI | Q92: 1 | T92: TZ-MID-68-WPR2-150101 | U92: PS5 - TZA - PS5 - Tanzania | V92: PS5-03-14 - FZ-14 - Power Generation Building - Switchgear Room | X92: PS5-03-14 | AA92: LV Power Cable | AB92: E | AC92: To be completed | AD92: PS5 - Milestone E
A93: T-00023-4978 | B93: PS5-60-BE-0001-CL01 | G93: CPX09 - LV Power Cable | H93: PCOM - Precommissioning | I93: E | J93: Conformity Check | K93: E - Electrical | L93: Cable FROM PS5-60-IH-0002 TO PS5-60-BE-0001 | M93: EACOP | N93: CPP AGI | Q93: 1 | T93: TZ-MID-68-WPR2-150101 | U93: PS5 - TZA - PS5 - Tanzania | V93: PS5-60-27 - Compressed Air Starting Skid | X93: PS5-60-27 | AA93: LV Power Cable | AB93: E | AC93: To be completed | AD93: PS5 - Milestone B
A94: T-00023-4979 | B94: PS5-60-BE-0001-CL02 | G94: CPX09 - LV Power Cable | H94: PCOM - Precommissioning | I94: E | J94: Conformity Check | K94: E - Electrical | L94: Cable FROM PS5-60-IH-0002 TO PS5-60-BE-0001 | M94: EACOP | N94: CPP AGI | Q94: 1 | T94: TZ-MID-68-WPR2-150101 | U94: PS5 - TZA - PS5 - Tanzania | V94: PS5-60-27 - Compressed Air Starting Skid | X94: PS5-60-27 | AA94: LV Power Cable | AB94: E | AC94: To be completed | AD94: PS5 - Milestone B
A95: T-00023-4981 | B95: PS5-60-BE-0001-CL04 | G95: CPX09 - LV Power Cable | H95: PCOM - Precommissioning | I95: E | J95: Conformity Check | K95: E - Electrical | L95: Cable FROM PS5-06-IG-0004B TO PS5-60-BE-0001 | M95: EACOP | N95: CPP AGI | Q95: 1 | T95: TZ-MID-68-WPR2-150101 | U95: PS5 - TZA - PS5 - Tanzania | V95: PS5-60-27 - Compressed Air Starting Skid | X95: PS5-60-27 | AA95: LV Power Cable | AB95: E | AC95: To be completed | AD95: PS5 - Milestone B
A96: T-00023-4982 | B96: PS5-60-BE-0002-CL01 | G96: CPX09 - LV Power Cable | H96: PCOM - Precommissioning | I96: E | J96: Conformity Check | K96: E - Electrical | L96: Cable FROM PS5-60-IH-0002 TO PS5-60-BE-0002 | M96: EACOP | N96: CPP AGI | Q96: 1 | T96: TZ-MID-68-WPR2-150101 | U96: PS5 - TZA - PS5 - Tanzania | V96: PS5-60-26 - Instrument Air Compressor Skid | X96: PS5-60-26 | AA96: LV Power Cable | AB96: E | AC96: To be completed | AD96: PS5 - Milestone B
A97: T-00023-4983 | B97: PS5-60-BE-0002-CL02 | G97: CPX09 - LV Power Cable | H97: PCOM - Precommissioning | I97: E | J97: Conformity Check | K97: E - Electrical | L97: Cable FROM PS5-60-IH-0002 TO PS5-60-BE-0002 | M97: EACOP | N97: CPP AGI | Q97: 1 | T97: TZ-MID-68-WPR2-150101 | U97: PS5 - TZA - PS5 - Tanzania | V97: PS5-60-26 - Instrument Air Compressor Skid | X97: PS5-60-26 | AA97: LV Power Cable | AB97: E | AC97: To be completed | AD97: PS5 - Milestone B
A98: T-00023-4984 | B98: PS5-60-BE-0002-CL03 | G98: CPX09 - LV Power Cable | H98: PCOM - Precommissioning | I98: E | J98: Conformity Check | K98: E - Electrical | L98: Cable FROM PS5-60-IH-0002 TO PS5-60-BE-0002 | M98: EACOP | N98: CPP AGI | Q98: 1 | T98: TZ-MID-68-WPR2-150101 | U98: PS5 - TZA - PS5 - Tanzania | V98: PS5-60-26 - Instrument Air Compressor Skid | X98: PS5-60-26 | AA98: LV Power Cable | AB98: E | AC98: To be completed | AD98: PS5 - Milestone B
A99: T-00023-4986 | B99: PS5-60-BE-0002-CL05 | G99: CPX09 - LV Power Cable | H99: PCOM - Precommissioning | I99: E | J99: Conformity Check | K99: E - Electrical | L99: Cable FROM PS5-06-IG-0004B TO PS5-60-BE-0002 | M99: EACOP | N99: CPP AGI | Q99: 1 | T99: TZ-MID-68-WPR2-150101 | U99: PS5 - TZA - PS5 - Tanzania | V99: PS5-60-26 - Instrument Air Compressor Skid | X99: PS5-60-26 | AA99: LV Power Cable | AB99: E | AC99: To be completed | AD99: PS5 - Milestone B
A100: T-00023-4987 | B100: PS5-60-BE-0003A-CL01 | G100: CPX09 - LV Power Cable | H100: PCOM - Precommissioning | I100: E | J100: Conformity Check | K100: E - Electrical | L100: Cable FROM PS5-60-IH-0001A TO PS5-60-BE-0003A | M100: EACOP | N100: CPP AGI | Q100: 1 | T100: TZ-MID-68-WPR2-150101 | U100: PS5 - TZA - PS5 - Tanzania | V100: PS5-60-01 - Power Generation Package A | X100: PS5-60-01 | AA100: LV Power Cable | AB100: E | AC100: To be completed | AD100: PS5 - Milestone B
A101: T-00023-4988 | B101: PS5-60-BE-0003B-CL01 | G101: CPX09 - LV Power Cable | H101: PCOM - Precommissioning | I101: E | J101: Conformity Check | K101: E - Electrical | L101: Cable FROM PS5-60-IH-0001B TO PS5-60-BE-0003B | M101: EACOP | N101: CPP AGI | Q101: 1 | T101: TZ-MID-68-WPR2-150101 | U101: PS5 - TZA - PS5 - Tanzania | V101: PS5-60-04 - Power Generation Package B | X101: PS5-60-04 | AA101: LV Power Cable | AB101: E | AC101: To be completed | AD101: PS5 - Milestone B
A102: T-00023-4989 | B102: PS5-60-BE-0003C-CL01 | G102: CPX09 - LV Power Cable | H102: PCOM - Precommissioning | I102: E | J102: Conformity Check | K102: E - Electrical | L102: Cable FROM PS5-60-IH-0001C TO PS5-60-BE-0003C | M102: EACOP | N102: CPP AGI | Q102: 1 | T102: TZ-MID-68-WPR2-150101 | U102: PS5 - TZA - PS5 - Tanzania | V102: PS5-60-07 - Power Generation Package C | X102: PS5-60-07 | AA102: LV Power Cable | AB102: E | AC102: To be completed | AD102: PS5 - Milestone D
A103: T-00023-4990 | B103: PS5-60-BE-0003D-CL01 | G103: CPX09 - LV Power Cable | H103: PCOM - Precommissioning | I103: E | J103: Conformity Check | K103: E - Electrical | L103: Cable FROM PS5-60-IH-0001D TO PS5-60-BE-0003D | M103: EACOP | N103: CPP AGI | Q103: 1 | T103: TZ-MID-68-WPR2-150101 | U103: PS5 - TZA - PS5 - Tanzania | V103: PS5-60-10 - Power Generation Package D | X103: PS5-60-10 | AA103: LV Power Cable | AB103: E | AC103: To be completed | AD103: PS5 - Milestone D
... A432: T-00023-5601 | B432: PS5-71-MOV-0010-CL01 | G432: CPX09 - LV Power Cable | H432: PCOM - Precommissioning | I432: E | J432: Conformity Check | K432: E - Electrical | L432: Cable FROM PS5-61-IG-0042 TO PS5-71-MOV-0010 | M432: EACOP | N432: CPP AGI | Q432: 1 | T432: TZ-MID-68-WPR2-150101 | U432: PS5 - TZA - PS5 - Tanzania | V432: PS5-71-08 - CFO Pre-Pressure Modules | X432: PS5-71-08 | AA432: LV Power Cable | AB432: E | AC432: To be completed | AD432: PS5 - Milestone H
A433: T-00023-9131 | B433: PS5-60-BE-0007A-CL01 | G433: CPX09 - LV Power Cable | H433: PCOM - Precommissioning | I433: E | J433: Conformity Check | K433: E - Electrical | L433: Cable FROM PS5-60-IN-0002A TO PS5-60-BE-0007A | M433: EACOP | N433: CPP AGI | Q433: 1 | U433: PS5 - TZA - PS5 - Tanzania | V433: PS5-60-56 - Fuel Conditioning Module PS5-60-UZ-8900A | X433: PS5-60-56 | AA433: LV Power Cable | AB433: E | AC433: To be completed | AD433: PS5 - Milestone B
A434: T-00023-9132 | B434: PS5-60-BE-0007B-CL01 | G434: CPX09 - LV Power Cable | H434: PCOM - Precommissioning | I434: E | J434: Conformity Check | K434: E - Electrical | L434: Cable FROM PS5-60-IN-0002B TO PS5-60-BE-0007B | M434: EACOP | N434: CPP AGI | Q434: 1 | U434: PS5 - TZA - PS5 - Tanzania | V434: PS5-60-58 - Fuel Conditioning Module PS5-60-UZ-8900B | X434: PS5-60-58 | AA434: LV Power Cable | AB434: E | AC434: To be completed | AD434: PS5 - Milestone B
A435: T-00023-9133 | B435: PS5-60-BE-0007C-CL01 | G435: CPX09 - LV Power Cable | H435: PCOM - Precommissioning | I435: E | J435: Conformity Check | K435: E - Electrical | L435: Cable FROM PS5-60-IN-0002C TO PS5-60-BE-0007C | M435: EACOP | N435: CPP AGI | Q435: 1 | U435: PS5 - TZA - PS5 - Tanzania | V435: PS5-60-60 - Fuel Conditioning Module PS5-60-UZ-8900C | X435: PS5-60-60 | AA435: LV Power Cable | AB435: E | AC435: To be completed | AD435: PS5 - Milestone D
A436: T-00023-9134 | B436: PS5-60-BE-0007D-CL01 | G436: CPX09 - LV Power Cable | H436: PCOM - Precommissioning | I436: E | J436: Conformity Check | K436: E - Electrical | L436: Cable FROM PS5-60-IN-0002D TO PS5-60-BE-0007D | M436: EACOP | N436: CPP AGI | Q436: 1 | U436: PS5 - TZA - PS5 - Tanzania | V436: PS5-60-62 - Fuel Conditioning Module PS5-60-UZ-8900D | X436: PS5-60-62 | AA436: LV Power Cable | AB436: E | AC436: To be completed | AD436: PS5 - Milestone D
A437: T-00023-9135 | B437: PS5-60-BE-0007E-CL01 | G437: CPX09 - LV Power Cable | H437: PCOM - Precommissioning | I437: E | J437: Conformity Check | K437: E - Electrical | L437: Cable FROM PS5-60-IN-0002E TO PS5-60-BE-0007E | M437: EACOP | N437: CPP AGI | Q437: 1 | U437: PS5 - TZA - PS5 - Tanzania | V437: PS5-60-64 - Fuel Conditioning Module PS5-60-UZ-8900E | X437: PS5-60-64 | AA437: LV Power Cable | AB437: E | AC437: To be completed | AD437: PS5 - Milestone D
A438: T-00023-9136 | B438: PS5-60-BE-0007F-CL01 | G438: CPX09 - LV Power Cable | H438: PCOM - Precommissioning | I438: E | J438: Conformity Check | K438: E - Electrical | L438: Cable FROM PS5-60-IN-0002F TO PS5-60-BE-0007F | M438: EACOP | N438: CPP AGI | Q438: 1 | U438: PS5 - TZA - PS5 - Tanzania | V438: PS5-60-66 - Fuel Conditioning Module PS5-60-UZ-8900F | X438: PS5-60-66 | AA438: LV Power Cable | AB438: E | AC438: To be completed | AD438: PS5 - Milestone D
A439: T-00023-9137 | B439: PS5-60-BE-0007G-CL01 | G439: CPX09 - LV Power Cable | H439: PCOM - Precommissioning | I439: E | J439: Conformity Check | K439: E - Electrical | L439: Cable FROM PS5-60-IN-0002G TO PS5-60-BE-0007G | M439: EACOP | N439: CPP AGI | Q439: 1 | U439: PS5 - TZA - PS5 - Tanzania | V439: PS5-60-68 - Fuel Conditioning Module PS5-60-UZ-8900G | X439: PS5-60-68 | AA439: LV Power Cable | AB439: E | AC439: To be completed | AD439: PS5 - Milestone E
A440: T-00023-9138 | B440: PS5-60-BE-0027A-CL01 | G440: CPX09 - LV Power Cable | H440: PCOM - Precommissioning | I440: E | J440: Conformity Check | K440: E - Electrical | L440: Cable FROM PS5-60-IN-0002A TO PS5-60-BE-0027A | M440: EACOP | N440: CPP AGI | Q440: 1 | U440: PS5 - TZA - PS5 - Tanzania | V440: PS5-60-56 - Fuel Conditioning Module PS5-60-UZ-8900A | X440: PS5-60-56 | AA440: LV Power Cable | AB440: E | AC440: To be completed | AD440: PS5 - Milestone B
A441: T-00023-9139 | B441: PS5-60-BE-0027B-CL01 | G441: CPX09 - LV Power Cable | H441: PCOM - Precommissioning | I441: E | J441: Conformity Check | K441: E - Electrical | L441: Cable FROM PS5-60-IN-0002B TO PS5-60-BE-0027B | M441: EACOP | N441: CPP AGI | Q441: 1 | U441: PS5 - TZA - PS5 - Tanzania | V441: PS5-60-58 - Fuel Conditioning Module PS5-60-UZ-8900B | X441: PS5-60-58 | AA441: LV Power Cable | AB441: E | AC441: To be completed | AD441: PS5 - Milestone B
A442: T-00023-9140 | B442: PS5-60-BE-0027C-CL01 | G442: CPX09 - LV Power Cable | H442: PCOM - Precommissioning | I442: E | J442: Conformity Check | K442: E - Electrical | L442: Cable FROM PS5-60-IN-0002C TO PS5-60-BE-0027C | M442: EACOP | N442: CPP AGI | Q442: 1 | U442: PS5 - TZA - PS5 - Tanzania | V442: PS5-60-60 - Fuel Conditioning Module PS5-60-UZ-8900C | X442: PS5-60-60 | AA442: LV Power Cable | AB442: E | AC442: To be completed | AD442: PS5 - Milestone D
A443: T-00023-9141 | B443: PS5-60-BE-0027D-CL01 | G443: CPX09 - LV Power Cable | H443: PCOM - Precommissioning | I443: E | J443: Conformity Check | K443: E - Electrical | L443: Cable FROM PS5-60-IN-0002D TO PS5-60-BE-0027D | M443: EACOP | N443: CPP AGI | Q443: 1 | U443: PS5 - TZA - PS5 - Tanzania | V443: PS5-60-62 - Fuel Conditioning Module PS5-60-UZ-8900D | X443: PS5-60-62 | AA443: LV Power Cable | AB443: E | AC443: To be completed | AD443: PS5 - Milestone D
A444: T-00023-9142 | B444: PS5-60-BE-0027E-CL01 | G444: CPX09 - LV Power Cable | H444: PCOM - Precommissioning | I444: E | J444: Conformity Check | K444: E - Electrical | L444: Cable FROM PS5-60-IN-0002E TO PS5-60-BE-0027E | M444: EACOP | N444: CPP AGI | Q444: 1 | U444: PS5 - TZA - PS5 - Tanzania | V444: PS5-60-64 - Fuel Conditioning Module PS5-60-UZ-8900E | X444: PS5-60-64 | AA444: LV Power Cable | AB444: E | AC444: To be completed | AD444: PS5 - Milestone D
... A556: T-00023-9255 | B556: PS5-71-BI-0006-CL01 | G556: CPX09 - LV Power Cable | H556: PCOM - Precommissioning | I556: E | J556: Conformity Check | K556: E - Electrical | L556: Cable FROM PS5-71-IN-0003 TO PS5-71-BI-0006 | M556: EACOP | N556: CPP AGI | Q556: 1 | U556: PS5 - TZA - PS5 - Tanzania | V556: PS5-71-22 - Diesel Fuel Pre Pressure Module | X556: PS5-71-22 | AA556: LV Power Cable | AB556: E | AC556: To be completed | AD556: PS5 - Milestone B
A557: T-00024-2101 | B557: PS5-60-IE-0002A-CD01 | G557: CPX10 - Multicore Electrical Control Cable | H557: PCOM - Precommissioning | I557: E | J557: Conformity Check | K557: E - Electrical | L557: Cable FROM PS5-60-BI-0015A TO PS5-60-IE-0002A | M557: EACOP | N557: CPP AGI | Q557: 4 | T557: TZ-MID-68-WPR2-150101 | U557: PS5 - TZA - PS5 - Tanzania | V557: PS5-60-01 - Power Generation Package A | X557: PS5-60-01 | AA557: Multicore Electrical Control Cable | AB557: E | AC557: To be completed | AD557: PS5 - Milestone B
A558: T-00024-2102 | B558: PS5-60-IE-0002A-CD02 | G558: CPX10 - Multicore Electrical Control Cable | H558: PCOM - Precommissioning | I558: E | J558: Conformity Check | K558: E - Electrical | L558: Cable FROM PS5-60-BI-0015A TO PS5-60-IE-0002A | M558: EACOP | N558: CPP AGI | Q558: 4 | T558: TZ-MID-68-WPR2-150101 | U558: PS5 - TZA - PS5 - Tanzania | V558: PS5-60-01 - Power Generation Package A | X558: PS5-60-01 | AA558: Multicore Electrical Control Cable | AB558: E | AC558: To be completed | AD558: PS5 - Milestone B
A559: T-00024-2103 | B559: PS5-60-IE-0002A-CD03 | G559: CPX10 - Multicore Electrical Control Cable | H559: PCOM - Precommissioning | I559: E | J559: Conformity Check | K559: E - Electrical | L559: Cable FROM PS5-60-BI-0015A TO PS5-60-IE-0002A | M559: EACOP | N559: CPP AGI | Q559: 4 | T559: TZ-MID-68-WPR2-150101 | U559: PS5 - TZA - PS5 - Tanzania | V559: PS5-60-01 - Power Generation Package A | X559: PS5-60-01 | AA559: Multicore Electrical Control Cable | AB559: E | AC559: To be completed | AD559: PS5 - Milestone B
A560: T-00024-2104 | B560: PS5-60-IE-0002B-CD01 | G560: CPX10 - Multicore Electrical Control Cable | H560: PCOM - Precommissioning | I560: E | J560: Conformity Check | K560: E - Electrical | L560: Cable FROM PS5-60-BI-0015B TO PS5-60-IE-0002B | M560: EACOP | N560: CPP AGI | Q560: 4 | T560: TZ-MID-68-WPR2-150101 | U560: PS5 - TZA - PS5 - Tanzania | V560: PS5-60-04 - Power Generation Package B | X560: PS5-60-04 | AA560: Multicore Electrical Control Cable | AB560: E | AC560: To be completed | AD560: PS5 - Milestone B
A561: T-00024-2105 | B561: PS5-60-IE-0002B-CD02 | G561: CPX10 - Multicore Electrical Control Cable | H561: PCOM - Precommissioning | I561: E | J561: Conformity Check | K561: E - Electrical | L561: Cable FROM PS5-60-BI-0015B TO PS5-60-IE-0002B | M561: EACOP | N561: CPP AGI | Q561: 4 | T561: TZ-MID-68-WPR2-150101 | U561: PS5 - TZA - PS5 - Tanzania | V561: PS5-60-04 - Power Generation Package B | X561: PS5-60-04 | AA561: Multicore Electrical Control Cable | AB561: E | AC561: To be completed | AD561: PS5 - Milestone B
A562: T-00024-2106 | B562: PS5-60-IE-0002B-CD03 | G562: CPX10 - Multicore Electrical Control Cable | H562: PCOM - Precommissioning | I562: E | J562: Conformity Check | K562: E - Electrical | L562: Cable FROM PS5-60-BI-0015B TO PS5-60-IE-0002B | M562: EACOP | N562: CPP AGI | Q562: 4 | T562: TZ-MID-68-WPR2-150101 | U562: PS5 - TZA - PS5 - Tanzania | V562: PS5-60-04 - Power Generation Package B | X562: PS5-60-04 | AA562: Multicore Electrical Control Cable | AB562: E | AC562: To be completed | AD562: PS5 - Milestone B
A563: T-00024-2107 | B563: PS5-60-IE-0002C-CD01 | G563: CPX10 - Multicore Electrical Control Cable | H563: PCOM - Precommissioning | I563: E | J563: Conformity Check | K563: E - Electrical | L563: Cable FROM PS5-60-BI-0015C TO PS5-60-IE-0002C | M563: EACOP | N563: CPP AGI | Q563: 4 | T563: TZ-MID-68-WPR2-150101 | U563: PS5 - TZA - PS5 - Tanzania | V563: PS5-60-07 - Power Generation Package C | X563: PS5-60-07 | AA563: Multicore Electrical Control Cable | AB563: E | AC563: To be completed | AD563: PS5 - Milestone D
A564: T-00024-2108 | B564: PS5-60-IE-0002C-CD02 | G564: CPX10 - Multicore Electrical Control Cable | H564: PCOM - Precommissioning | I564: E | J564: Conformity Check | K564: E - Electrical | L564: Cable FROM PS5-60-BI-0015C TO PS5-60-IE-0002C | M564: EACOP | N564: CPP AGI | Q564: 4 | T564: TZ-MID-68-WPR2-150101 | U564: PS5 - TZA - PS5 - Tanzania | V564: PS5-60-07 - Power Generation Package C | X564: PS5-60-07 | AA564: Multicore Electrical Control Cable | AB564: E | AC564: To be completed | AD564: PS5 - Milestone D
A565: T-00024-2109 | B565: PS5-60-IE-0002C-CD03 | G565: CPX10 - Multicore Electrical Control Cable | H565: PCOM - Precommissioning | I565: E | J565: Conformity Check | K565: E - Electrical | L565: Cable FROM PS5-60-BI-0015C TO PS5-60-IE-0002C | M565: EACOP | N565: CPP AGI | Q565: 4 | T565: TZ-MID-68-WPR2-150101 | U565: PS5 - TZA - PS5 - Tanzania | V565: PS5-60-07 - Power Generation Package C | X565: PS5-60-07 | AA565: Multicore Electrical Control Cable | AB565: E | AC565: To be completed | AD565: PS5 - Milestone D
A566: T-00024-2110 | B566: PS5-60-IE-0002D-CD01 | G566: CPX10 - Multicore Electrical Control Cable | H566: PCOM - Precommissioning | I566: E | J566: Conformity Check | K566: E - Electrical | L566: Cable FROM PS5-60-BI-0015D TO PS5-60-IE-0002D | M566: EACOP | N566: CPP AGI | Q566: 4 | T566: TZ-MID-68-WPR2-150101 | U566: PS5 - TZA - PS5 - Tanzania | V566: PS5-60-10 - Power Generation Package D | X566: PS5-60-10 | AA566: Multicore Electrical Control Cable | AB566: E | AC566: To be completed | AD566: PS5 - Milestone D
A567: T-00024-2111 | B567: PS5-60-IE-0002D-CD02 | G567: CPX10 - Multicore Electrical Control Cable | H567: PCOM - Precommissioning | I567: E | J567: Conformity Check | K567: E - Electrical | L567: Cable FROM PS5-60-BI-0015D TO PS5-60-IE-0002D | M567: EACOP | N567: CPP AGI | Q567: 4 | T567: TZ-MID-68-WPR2-150101 | U567: PS5 - TZA - PS5 - Tanzania | V567: PS5-60-10 - Power Generation Package D | X567: PS5-60-10 | AA567: Multicore Electrical Control Cable | AB567: E | AC567: To be completed | AD567: PS5 - Milestone D
A568: T-00024-2112 | B568: PS5-60-IE-0002D-CD03 | G568: CPX10 - Multicore Electrical Control Cable | H568: PCOM - Precommissioning | I568: E | J568: Conformity Check | K568: E - Electrical | L568: Cable FROM PS5-60-BI-0015D TO PS5-60-IE-0002D | M568: EACOP | N568: CPP AGI | Q568: 4 | T568: TZ-MID-68-WPR2-150101 | U568: PS5 - TZA - PS5 - Tanzania | V568: PS5-60-10 - Power Generation Package D | X568: PS5-60-10 | AA568: Multicore Electrical Control Cable | AB568: E | AC568: To be completed | AD568: PS5 - Milestone D
... A619: T-00024-2226 | B619: PS5-60-IE-0003G-CD15 | G619: CPX10 - Multicore Electrical Control Cable | H619: PCOM - Precommissioning | I619: E | J619: Conformity Check | K619: E - Electrical | L619: Cable FROM PS5-60-IE-0004 TO PS5-60-IE-0003G | M619: EACOP | N619: CPP AGI | Q619: 4 | T619: TZ-MID-68-WPR2-150101 | U619: PS5 - TZA - PS5 - Tanzania | V619: PS5-60-19 - Power Generation Package G | X619: PS5-60-19 | AA619: Multicore Electrical Control Cable | AB619: E | AC619: To be completed | AD619: PS5 - Milestone E
A620: T-00034-0059 | B620: PS5-60-IJ-0001A | G620: CPX21 - Neutral Earthing Resistor | H620: PCOM - Precommissioning | I620: E | J620: Conformity Check | K620: E - Electrical | L620: Neutral Grounding resistor for Generator set 1 (A) | M620: EACOP | N620: CPP AGI | Q620: 8 | U620: PS5 - TZA - PS5 - Tanzania | V620: PS5-60-01 - Power Generation Package A | X620: PS5-60-01 | AA620: Neutral Earthing Resistor | AB620: E | AC620: To be completed | AD620: PS5 - Milestone B
A621: T-00034-0060 | B621: PS5-60-IJ-0001B | G621: CPX21 - Neutral Earthing Resistor | H621: PCOM - Precommissioning | I621: E | J621: Conformity Check | K621: E - Electrical | L621: Neutral Grounding resistor for Generator set 2 (B) | M621: EACOP | N621: CPP AGI | Q621: 8 | U621: PS5 - TZA - PS5 - Tanzania | V621: PS5-60-04 - Power Generation Package B | X621: PS5-60-04 | AA621: Neutral Earthing Resistor | AB621: E | AC621: To be completed | AD621: PS5 - Milestone B
A622: T-00034-0061 | B622: PS5-60-IJ-0001C | G622: CPX21 - Neutral Earthing Resistor | H622: PCOM - Precommissioning | I622: E | J622: Conformity Check | K622: E - Electrical | L622: Neutral Grounding resistor for Generator set 3 (C) | M622: EACOP | N622: CPP AGI | Q622: 8 | U622: PS5 - TZA - PS5 - Tanzania | V622: PS5-60-07 - Power Generation Package C | X622: PS5-60-07 | AA622: Neutral Earthing Resistor | AB622: E | AC622: To be completed | AD622: PS5 - Milestone D
A623: T-00034-0062 | B623: PS5-60-IJ-0001D | G623: CPX21 - Neutral Earthing Resistor | H623: PCOM - Precommissioning | I623: E | J623: Conformity Check | K623: E - Electrical | L623: Neutral Grounding resistor for Generator set 4 (D) | M623: EACOP | N623: CPP AGI | Q623: 8 | U623: PS5 - TZA - PS5 - Tanzania | V623: PS5-60-10 - Power Generation Package D | X623: PS5-60-10 | AA623: Neutral Earthing Resistor | AB623: E | AC623: To be completed | AD623: PS5 - Milestone D
A624: T-00034-0063 | B624: PS5-60-IJ-0001E | G624: CPX21 - Neutral Earthing Resistor | H624: PCOM - Precommissioning | I624: E | J624: Conformity Check | K624: E - Electrical | L624: Neutral Grounding resistor for Generator set 5 (E) | M624: EACOP | N624: CPP AGI | Q624: 8 | U624: PS5 - TZA - PS5 - Tanzania | V624: PS5-60-13 - Power Generation Package E | X624: PS5-60-13 | AA624: Neutral Earthing Resistor | AB624: E | AC624: To be completed | AD624: PS5 - Milestone D
A625: T-00034-0064 | B625: PS5-60-IJ-0001F | G625: CPX21 - Neutral Earthing Resistor | H625: PCOM - Precommissioning | I625: E | J625: Conformity Check | K625: E - Electrical | L625: Neutral Grounding resistor for Generator set 6 (F) | M625: EACOP | N625: CPP AGI | Q625: 8 | U625: PS5 - TZA - PS5 - Tanzania | V625: PS5-60-16 - Power Generation Package F | X625: PS5-60-16 | AA625: Neutral Earthing Resistor | AB625: E | AC625: To be completed | AD625: PS5 - Milestone D
A626: T-00034-0065 | B626: PS5-60-IJ-0001G | G626: CPX21 - Neutral Earthing Resistor | H626: PCOM - Precommissioning | I626: E | J626: Conformity Check | K626: E - Electrical | L626: Neutral Grounding resistor for Generator set 7 (G) | M626: EACOP | N626: CPP AGI | Q626: 8 | U626: PS5 - TZA - PS5 - Tanzania | V626: PS5-60-19 - Power Generation Package G | X626: PS5-60-19 | AA626: Neutral Earthing Resistor | AB626: E | AC626: To be completed | AD626: PS5 - Milestone E
A627: T-00044-0090 | B627: PS5-60-IE-0003A | G627: CPX32 - Console / control panel | H627: PCOM - Precommissioning | I627: E | J627: Conformity Check | K627: E - Electrical | L627: GCP G-1 (A) | M627: EACOP | N627: CPP AGI | Q627: 6 | U627: PS5 - TZA - PS5 - Tanzania | V627: PS5-60-02 - Power Gen Package A (UCP) | X627: PS5-60-02 | AA627: Console / Control Panel | AB627: E | AC627: To be completed | AD627: PS5 - Milestone B
A628: T-00044-0091 | B628: PS5-60-IE-0003B | G628: CPX32 - Console / control panel | H628: PCOM - Precommissioning | I628: E | J628: Conformity Check | K628: E - Electrical | L628: GCP G-2 (B) | M628: EACOP | N628: CPP AGI | Q628: 6 | U628: PS5 - TZA - PS5 - Tanzania | V628: PS5-60-05 - Power Gen Package B (UCP) | X628: PS5-60-05 | AA628: Console / Control Panel | AB628: E | AC628: To be completed | AD628: PS5 - Milestone B
A629: T-00044-0092 | B629: PS5-60-IE-0003C | G629: CPX32 - Console / control panel | H629: PCOM - Precommissioning | I629: E | J629: Conformity Check | K629: E - Electrical | L629: GCP G-3 (C) | M629: EACOP | N629: CPP AGI | Q629: 6 | U629: PS5 - TZA - PS5 - Tanzania | V629: PS5-60-08 - Power Gen Package C (UCP) | X629: PS5-60-08 | AA629: Console / Control Panel | AB629: E | AC629: To be completed | AD629: PS5 - Milestone D
A630: T-00044-0093 | B630: PS5-60-IE-0003D | G630: CPX32 - Console / control panel | H630: PCOM - Precommissioning | I630: E | J630: Conformity Check | K630: E - Electrical | L630: GCP G-4 (D) | M630: EACOP | N630: CPP AGI | Q630: 6 | U630: PS5 - TZA - PS5 - Tanzania | V630: PS5-60-11 - Power Gen Package D (UCP) | X630: PS5-60-11 | AA630: Console / Control Panel | AB630: E | AC630: To be completed | AD630: PS5 - Milestone D
A631: T-00044-0094 | B631: PS5-60-IE-0003E | G631: CPX32 - Console / control panel | H631: PCOM - Precommissioning | I631: E | J631: Conformity Check | K631: E - Electrical | L631: GCP G-5 (E) | M631: EACOP | N631: CPP AGI | Q631: 6 | U631: PS5 - TZA - PS5 - Tanzania | V631: PS5-60-14 - Power Gen Package E (UCP) | X631: PS5-60-14 | AA631: Console / Control Panel | AB631: E | AC631: To be completed | AD631: PS5 - Milestone D
... A658: T-00044-0199 | B658: PS5-71-IN-0003 | G658: CPX32 - Console / control panel | H658: PCOM - Precommissioning | I658: E | J658: Conformity Check | K658: E - Electrical | L658: DFO- PRE PRESSURE CONTROL PANEL | M658: EACOP | N658: CPP AGI | Q658: 6 | U658: PS5 - TZA - PS5 - Tanzania | V658: PS5-71-23 - Diesel Fuel Pre Pressure Module (UCP) | X658: PS5-71-23 | AA658: Console / Control Panel | AB658: E | AC658: To be completed | AD658: PS5 - Milestone B
A659: T-00046-0291 | B659: PS5-60-UR-8100A | G659: CZX01E - Package | H659: PCOM - Precommissioning | I659: E | J659: Conformity Check | K659: E - Electrical | L659: POWER GENERATION PACKAGE A | M659: EACOP | N659: CPP AGI | Q659: 20 | T659: TZ-MID-68-WPR2-135100 | U659: PS5 - TZA - PS5 - Tanzania | V659: PS5-60-01 - Power Generation Package A | X659: PS5-60-01 | AA659: Package | AB659: M | AC659: To be completed | AD659: PS5 - Milestone B
A660: T-00046-0292 | B660: PS5-60-UR-8100B | G660: CZX01E - Package | H660: PCOM - Precommissioning | I660: E | J660: Conformity Check | K660: E - Electrical | L660: POWER GENERATION PACKAGE B | M660: EACOP | N660: CPP AGI | Q660: 20 | T660: TZ-MID-68-WPR2-135103 | U660: PS5 - TZA - PS5 - Tanzania | V660: PS5-60-04 - Power Generation Package B | X660: PS5-60-04 | AA660: Package | AB660: M | AC660: To be completed | AD660: PS5 - Milestone B
A661: T-00046-0293 | B661: PS5-60-UR-8100C | G661: CZX01E - Package | H661: PCOM - Precommissioning | I661: E | J661: Conformity Check | K661: E - Electrical | L661: POWER GENERATION PACKAGE C | M661: EACOP | N661: CPP AGI | Q661: 20 | T661: TZ-MID-68-WPR2-135106 | U661: PS5 - TZA - PS5 - Tanzania | V661: PS5-60-07 - Power Generation Package C | X661: PS5-60-07 | AA661: Package | AB661: M | AC661: To be completed | AD661: PS5 - Milestone D
A662: T-00046-0294 | B662: PS5-60-UR-8100D | G662: CZX01E - Package | H662: PCOM - Precommissioning | I662: E | J662: Conformity Check | K662: E - Electrical | L662: POWER GENERATION PACKAGE D | M662: EACOP | N662: CPP AGI | Q662: 20 | T662: TZ-MID-68-WPR2-135109 | U662: PS5 - TZA - PS5 - Tanzania | V662: PS5-60-10 - Power Generation Package D | X662: PS5-60-10 | AA662: Package | AB662: M | AC662: To be completed | AD662: PS5 - Milestone D
A663: T-00046-0295 | B663: PS5-60-UR-8100E | G663: CZX01E - Package | H663: PCOM - Precommissioning | I663: E | J663: Conformity Check | K663: E - Electrical | L663: POWER GENERATION PACKAGE E | M663: EACOP | N663: CPP AGI | Q663: 20 | T663: TZ-MID-68-WPR2-135112 | U663: PS5 - TZA - PS5 - Tanzania | V663: PS5-60-13 - Power Generation Package E | X663: PS5-60-13 | AA663: Package | AB663: M | AC663: To be completed | AD663: PS5 - Milestone D
A664: T-00046-0296 | B664: PS5-60-UR-8100F | G664: CZX01E - Package | H664: PCOM - Precommissioning | I664: E | J664: Conformity Check | K664: E - Electrical | L664: POWER GENERATION PACKAGE F | M664: EACOP | N664: CPP AGI | Q664: 20 | T664: TZ-MID-68-WPR2-135115 | U664: PS5 - TZA - PS5 - Tanzania | V664: PS5-60-16 - Power Generation Package F | X664: PS5-60-16 | AA664: Package | AB664: M | AC664: To be completed | AD664: PS5 - Milestone D
A665: T-00046-0297 | B665: PS5-60-UR-8100G | G665: CZX01E - Package | H665: PCOM - Precommissioning | I665: E | J665: Conformity Check | K665: E - Electrical | L665: POWER GENERATION PACKAGE G | M665: EACOP | N665: CPP AGI | Q665: 20 | T665: TZ-MID-68-WPR2-135118 | U665: PS5 - TZA - PS5 - Tanzania | V665: PS5-60-19 - Power Generation Package G | X665: PS5-60-19 | AA665: Package | AB665: M | AC665: To be completed | AD665: PS5 - Milestone E
A666: T-00046-0300 | B666: PS5-60-UA-5100 | G666: CZX01E - Package | H666: PCOM - Precommissioning | I666: E | J666: Conformity Check | K666: E - Electrical | L666: COMPRESSOR AIR STARTING SKID | M666: EACOP | N666: CPP AGI | Q666: 20 | T666: TZ-MID-68-WPR2-135128 | U666: PS5 - TZA - PS5 - Tanzania | V666: PS5-60-27 - Compressed Air Starting Skid | X666: PS5-60-27 | AA666: Package | AB666: M | AC666: To be completed | AD666: PS5 - Milestone B
A667: T-00046-0301 | B667: PS5-60-UO-81100A | G667: CZX01E - Package | H667: PCOM - Precommissioning | I667: E | J667: Conformity Check | K667: E - Electrical | L667: LUBE OIL SEPARATOR MODULE | M667: EACOP | N667: CPP AGI | Q667: 20 | T667: TZ-MID-68-WPR2-135124 | U667: PS5 - TZA - PS5 - Tanzania | V667: PS5-60-49 - Lube Oil Separator Module PS5-60-UO-81100A | X667: PS5-60-49 | AA667: Package | AB667: M | AC667: To be completed | AD667: PS5 - Milestone B
A668: T-00046-0302 | B668: PS5-60-UO-81100B | G668: CZX01E - Package | H668: PCOM - Precommissioning | I668: E | J668: Conformity Check | K668: E - Electrical | L668: LUBE OIL SEPARATOR MODULE | M668: EACOP | N668: CPP AGI | Q668: 20 | T668: TZ-MID-68-WPR2-135124 | U668: PS5 - TZA - PS5 - Tanzania | V668: PS5-60-50 - Lube Oil Separator Module PS5-60-UO-81100B | X668: PS5-60-50 | AA668: Package | AB668: M | AC668: To be completed | AD668: PS5 - Milestone B
A669: T-00046-0303 | B669: PS5-60-UO-81100C | G669: CZX01E - Package | H669: PCOM - Precommissioning | I669: E | J669: Conformity Check | K669: E - Electrical | L669: LUBE OIL SEPARATOR MODULE | M669: EACOP | N669: CPP AGI | Q669: 20 | T669: TZ-MID-68-WPR2-135124 | U669: PS5 - TZA - PS5 - Tanzania | V669: PS5-60-51 - Lube Oil Separator Module PS5-60-UO-81100C | X669: PS5-60-51 | AA669: Package | AB669: M | AC669: To be completed | AD669: PS5 - Milestone D
A670: T-00046-0304 | B670: PS5-60-UO-81100D | G670: CZX01E - Package | H670: PCOM - Precommissioning | I670: E | J670: Conformity Check | K670: E - Electrical | L670: LUBE OIL SEPARATOR MODULE | M670: EACOP | N670: CPP AGI | Q670: 20 | T670: TZ-MID-68-WPR2-135124 | U670: PS5 - TZA - PS5 - Tanzania | V670: PS5-60-52 - Lube Oil Separator Module PS5-60-UO-81100D | X670: PS5-60-52 | AA670: Package | AB670: M | AC670: To be completed | AD670: PS5 - Milestone D
... A772: T-00067-0661 | B772: PS5-03-RMAC-1411 | G772: CJX08 - Electrical instrument | H772: PCOM - Precommissioning | I772: I | J772: Conformity Check | K772: I - Instrumentation | L772: MANUAL CALL POINT | M772: EACOP | N772: CPP AGI | Q772: 1 | T772: TZ-MID-68-WPR2-121106 | U772: PS5 - TZA - PS5 - Tanzania | V772: PS5-03-14 - FZ-14 - Power Generation Building - Switchgear Room | X772: PS5-03-14 | AA772: Electrical Instrument | AB772: I | AC772: To be completed | AD772: PS5 - Milestone E
A773: T-00069-12948 | B773: PS5-60-BI-0001A-CC02 | G773: CJX10 - Multi/Single-core instrument control cable | H773: PCOM - Precommissioning | I773: I | J773: Conformity Check | K773: I - Instrumentation | L773: Cable FROM PS5-60-IE-0001A TO PS5-60-BI-0001A | M773: EACOP | N773: CPP AGI | Q773: 4 | S773: 4 | U773: PS5 - TZA - PS5 - Tanzania | V773: PS5-60-01 - Power Generation Package A | X773: PS5-60-01 | AA773: Multi/Single-Core Instrument Control Cable | AB773: I | AC773: To be completed | AD773: PS5 - Milestone B
...

Sheet PRELIMINARY -MILESTONES
A1: SUBSYSTEM | B1: SUBSYTEM DESCRIPTIONS | C1: Priority | D1: REMARKS
A2: PS5-60-22 | B2: PS5-60-22 - Power Gen Master UCP | C2: PS5 - Milestone B
A3: PS5-60-26 | B3: PS5-60-26 - Instrument Air Compressor Skid | C3: PS5 - Milestone B
A4: PS5-60-27 | B4: PS5-60-27 - Compressed Air Starting Skid | C4: PS5 - Milestone B
A5: PS5-60-02 | B5: PS5-60-02 - Power Gen Package A (UCP) | C5: PS5 - Milestone B
A6: PS5-60-03 | B6: PS5-60-03 - Power Gen Package A Generator Auxiliary MCCs & DBs | C6: PS5 - Milestone B
A7: PS5-71-23 | B7: PS5-71-23 - Diesel Fuel Pre Pressure Module (UCP) | C7: PS5 - Milestone B
A8: PS5-60-70 | B8: PS5-60-70 - Engine A Cooling system | C8: PS5 - Milestone B
A9: PS5-60-57 | B9: PS5-60-57 - Fuel Conditioning Module PS5-60-UZ-8900A (UCP) | C9: PS5 - Milestone B
A10: PS5-60-05 | B10: PS5-60-05 - Power Gen Package B (UCP) | C10: PS5 - Milestone B
A11: PS5-60-06 | B11: PS5-60-06 - Power Gen Package B Generator Auxiliary MCCs & DBs | C11: PS5 - Milestone B
A12: PS5-60-35 | B12: PS5-60-35 - Injector Tip Cooling Module A | C12: PS5 - Milestone B
A13: PS5-60-42 | B13: PS5-60-42 - Oil Mist Separator Skid PS5-60-VS-9100A | C13: PS5 - Milestone B
... A73: PS5-71-09 | B73: PS5-71-09 - CFO Pre-Pressure Modules (UCP) | C73: PS5 - Milestone H

Sheet MILESTONE & DIS.
B3: Responsible Company : CPP AGI-VENDOR-MANTRAC CHECKLIST SUMMERY
B4: Milestone & Discipline | C4: Subsystem Total | D4: ITR Total | E4: ITR EACOP Approved | F4: ITR Open | H4: CUT OFF DATE-19-JUNE-2026
H5: 27 June | I5: 28 June | J5: 29 June | K5: 30 June | L5: 1 July | M5: 2 July | N5: 3 July | O5: TOTAL
B6: PS5 - Milestone B | C6: 23 | D6: =COUNTIFS('DETAILED ITR LIST'!AD:AD,"PS5 - Milestone B") -> 1298 | E6: =COUNTIFS('DETAILED ITR LIST'!AD:AD,"PS5 - Milestone B",'DETAILED ITR LIST'!AC:AC,"Closed") -> 429 | F6: =D6-E6 -> 869 | O6: =E6/D6 -> 0.33050847
B7: E - Electrical | D7: =COUNTIFS('DETAILED ITR LIST'!AD:AD,"PS5 - Milestone B",'DETAILED ITR LIST'!K:K,"E - Electrical") -> 470 | E7: =COUNTIFS('DETAILED ITR LIST'!AD:AD,"PS5 - Milestone B",'DETAILED ITR LIST'!K:K,"E - Electrical",'DETAILED ITR LIST'!AC:AC,"CLOSED") -> 176 | F7: =D7-E7 -> 294 | H7: 15 | L7: 31 | O7: =SUM(H7:N7) -> 46 | R7: MILESTONES-CPP AGI STATUS
B8: I - Instrumentation | D8: =COUNTIFS('DETAILED ITR LIST'!AD:AD,"PS5 - Milestone B",'DETAILED ITR LIST'!K:K,"I - Instrumentation") -> 421 | E8: =COUNTIFS('DETAILED ITR LIST'!AD:AD,"PS5 - Milestone B",'DETAILED ITR LIST'!K:K,"I - Instrumentation",'DETAILED ITR LIST'!AC:AC,"CLOSED") -> 4 | F8: =D8-E8 -> 417 | L8: 4 | O8: =SUM(H8:N8) -> 4 | R8: MILESTONES | S8: TOTAL ITRs | T8: CLOSED | U8: REMAIINING | V8: % | W8: CUT OFF-19-JUNE
B9: M - Mechanical | D9: =COUNTIFS('DETAILED ITR LIST'!AD:AD,"PS5 - Milestone B",'DETAILED ITR LIST'!K:K,"M - Mechanical") -> 58 | E9: =COUNTIFS('DETAILED ITR LIST'!AD:AD,"PS5 - Milestone B",'DETAILED ITR LIST'!K:K,"M - Mechanical",'DETAILED ITR LIST'!AC:AC,"CLOSED") -> 58 | F9: =D9-E9 -> 0 | K9: 4 | O9: =SUM(H9:N9) -> 4 | R9: PS5 - Milestone B | S9: =COUNTIFS('DETAILED ITR LIST'!AD:AD,"PS5 - Milestone B") -> 1298 | T9: =COUNTIFS('DETAILED ITR LIST'!AD:AD,"PS5 - Milestone B",'DETAILED ITR LIST'!AC:AC,"Closed") -> 429 | U9: =S9-T9 -> 869 | V9: =T9/S9 -> 0.33050847 | W9: =SUM(O7:O11) -> 59
B10: P - Piping & Vessel | D10: =COUNTIFS('DETAILED ITR LIST'!AD:AD,"PS5 - Milestone B",'DETAILED ITR LIST'!K:K,"P - Piping & Vessel") -> 315 | E10: =COUNTIFS('DETAILED ITR LIST'!AD:AD,"PS5 - Milestone B",'DETAILED ITR LIST'!K:K,"P - Piping & Vessel",'DETAILED ITR LIST'!AC:AC,"CLOSED") -> 191 | F10: =D10-E10 -> 124 | H10: 1 | M10: 4 | O10: =SUM(H10:N10) -> 5 | R10: PS5 - Milestone D | S10: =COUNTIFS('DETAILED ITR LIST'!AD:AD,"PS5 - Milestone D") -> 2103 | T10: =COUNTIFS('DETAILED ITR LIST'!AD:AD,"PS5 - Milestone D",'DETAILED ITR LIST'!AC:AC,"Closed") -> 518 | U10: =S10-T10 -> 1585 | V10: =T10/S10 -> 0.24631479 | W10: =SUM(O13:O17) -> 45
B11: T - Telecom | D11: =COUNTIFS('DETAILED ITR LIST'!AD:AD,"PS5 - Milestone B",'DETAILED ITR LIST'!K:K,"T - Telecom") -> 34 | E11: =COUNTIFS('DETAILED ITR LIST'!AD:AD,"PS5 - Milestone B",'DETAILED ITR LIST'!K:K,"T - Telecom",'DETAILED ITR LIST'!AC:AC,"CLOSED") -> 0 | F11: =D11-E11 -> 34 | O11: =SUM(H11:N11) -> 0 | R11: PS5 - Milestone E | S11: =COUNTIFS('DETAILED ITR LIST'!AD:AD,"PS5 - Milestone E") -> 589 | T11: =COUNTIFS('DETAILED ITR LIST'!AD:AD,"PS5 - Milestone E",'DETAILED ITR LIST'!AC:AC,"Closed") -> 117 | U11: =S11-T11 -> 472 | V11: =T11/S11 -> 0.19864177 | W11: =SUM(O19:O23) -> 22
B12: PS5 - Milestone D | C12: 36 | D12: =COUNTIFS('DETAILED ITR LIST'!AD:AD,"PS5 - Milestone D") -> 2103 | E12: =COUNTIFS('DETAILED ITR LIST'!AD:AD,"PS5 - Milestone D",'DETAILED ITR LIST'!AC:AC,"Closed") -> 518 | F12: =D12-E12 -> 1585 | O12: =E12/D12 -> 0.24631479 | R12: PS5 - Milestone H | S12: =COUNTIFS('DETAILED ITR LIST'!AD:AD,"PS5 - Milestone H") -> 154 | T12: =COUNTIFS('DETAILED ITR LIST'!AD:AD,"PS5 - Milestone H",'DETAILED ITR LIST'!AC:AC,"Closed") -> 34 | U12: =S12-T12 -> 120 | V12: =T12/S12 -> 0.22077922 | W12: =SUM(O25:O29) -> 5
B13: E - Electrical | D13: =COUNTIFS('DETAILED ITR LIST'!AD:AD,"PS5 - Milestone D",'DETAILED ITR LIST'!K:K,"E - Electrical") -> 752 | E13: =COUNTIFS('DETAILED ITR LIST'!AD:AD,"PS5 - Milestone D",'DETAILED ITR LIST'!K:K,"E - Electrical",'DETAILED ITR LIST'!AC:AC,"CLOSED") -> 99 | F13: =D13-E13 -> 653 | L13: 3 | N13: 5 | O13: =SUM(H13:N13) -> 8 | R13: TOTAL | S13: =SUM(S9:S12) -> 4144 | T13: =SUM(T9:T12) -> 1098 | U13: =S13-T13 -> 3046 | V13: =T13/S13 -> 0.26496139 | W13: =SUM(W9:W12) -> 131
B14: I - Instrumentation | D14: =COUNTIFS('DETAILED ITR LIST'!AD:AD,"PS5 - Milestone D",'DETAILED ITR LIST'!K:K,"I - Instrumentation") -> 646 | E14: =COUNTIFS('DETAILED ITR LIST'!AD:AD,"PS5 - Milestone D",'DETAILED ITR LIST'!K:K,"I - Instrumentation",'DETAILED ITR LIST'!AC:AC,"CLOSED") -> 11 | F14: =D14-E14 -> 635 | L14: 11 | O14: =SUM(H14:N14) -> 11
B15: M - Mechanical | D15: =COUNTIFS('DETAILED ITR LIST'!AD:AD,"PS5 - Milestone D",'DETAILED ITR LIST'!K:K,"M - Mechanical") -> 109 | E15: =COUNTIFS('DETAILED ITR LIST'!AD:AD,"PS5 - Milestone D",'DETAILED ITR LIST'!K:K,"M - Mechanical",'DETAILED ITR LIST'!AC:AC,"CLOSED") -> 109 | F15: =D15-E15 -> 0 | K15: 8 | O15: =SUM(H15:N15) -> 8 | R15: HYDROTEST-ITRs STATUS
B16: P - Piping & Vessel | D16: =COUNTIFS('DETAILED ITR LIST'!AD:AD,"PS5 - Milestone D",'DETAILED ITR LIST'!K:K,"P - Piping & Vessel") -> 516 | E16: =COUNTIFS('DETAILED ITR LIST'!AD:AD,"PS5 - Milestone D",'DETAILED ITR LIST'!K:K,"P - Piping & Vessel",'DETAILED ITR LIST'!AC:AC,"CLOSED") -> 299 | F16: =D16-E16 -> 217 | K16: 6 | L16: 1 | M16: 8 | N16: 3 | O16: =SUM(H16:N16) -> 18 | R16: MILESTONES | S16: TOTAL ITRs | T16: CLOSED | U16: REMAIINING | V16: %
B17: T - Telecom | D17: =COUNTIFS('DETAILED ITR LIST'!AD:AD,"PS5 - Milestone D",'DETAILED ITR LIST'!K:K,"T - Telecom") -> 80 | E17: =COUNTIFS('DETAILED ITR LIST'!AD:AD,"PS5 - Milestone D",'DETAILED ITR LIST'!K:K,"T - Telecom",'DETAILED ITR LIST'!AC:AC,"CLOSED") -> 0 | F17: =D17-E17 -> 80 | O17: =SUM(H17:N17) -> 0 | R17: PS5 - Milestone B | S17: =COUNTIFS('DETAILED ITR LIST'!AD:AD,"PS5 - Milestone B",'DETAILED ITR LIST'!K:K,"P - Piping & Vessel",'DETAILED ITR LIST'!F:F,"TP") -> 225 | T17: =COUNTIFS('DETAILED ITR LIST'!AD:AD,"PS5 - Milestone B",'DETAILED ITR LIST'!K:K,"P - Piping & Vessel",'DETAILED ITR LIST'!F:F,"TP",'DETAILED ITR LIST'!AC:AC,"CLOSED") -> 158 | U17: =S17-T17 -> 67 | V17: =T17/S17 -> 0.70222222
B18: PS5 - Milestone E | C18: 10 | D18: =COUNTIFS('DETAILED ITR LIST'!AD:AD,"PS5 - Milestone E") -> 589 | E18: =COUNTIFS('DETAILED ITR LIST'!AD:AD,"PS5 - Milestone E",'DETAILED ITR LIST'!AC:AC,"Closed") -> 117 | F18: =D18-E18 -> 472 | O18: =E18/D18 -> 0.19864177 | R18: PS5 - Milestone D | S18: =COUNTIFS('DETAILED ITR LIST'!AD:AD,"PS5 - Milestone D",'DETAILED ITR LIST'!K:K,"P - Piping & Vessel",'DETAILED ITR LIST'!F:F,"TP") -> 360 | T18: =COUNTIFS('DETAILED ITR LIST'!AD:AD,"PS5 - Milestone D",'DETAILED ITR LIST'!K:K,"P - Piping & Vessel",'DETAILED ITR LIST'!F:F,"TP",'DETAILED ITR LIST'!AC:AC,"CLOSED") -> 239 | U18: =S18-T18 -> 121 | V18: =T18/S18 -> 0.66388889
B19: E - Electrical | D19: =COUNTIFS('DETAILED ITR LIST'!AD:AD,"PS5 - Milestone E",'DETAILED ITR LIST'!K:K,"E - Electrical") -> 194 | E19: =COUNTIFS('DETAILED ITR LIST'!AD:AD,"PS5 - Milestone E",'DETAILED ITR LIST'!K:K,"E - Electrical",'DETAILED ITR LIST'!AC:AC,"CLOSED") -> 18 | F19: =D19-E19 -> 176 | L19: 1 | O19: =SUM(H19:N19) -> 1 | R19: PS5 - Milestone E | S19: =COUNTIFS('DETAILED ITR LIST'!AD:AD,"PS5 - Milestone E",'DETAILED ITR LIST'!K:K,"P - Piping & Vessel",'DETAILED ITR LIST'!F:F,"TP") -> 90 | T19: =COUNTIFS('DETAILED ITR LIST'!AD:AD,"PS5 - Milestone E",'DETAILED ITR LIST'!K:K,"P - Piping & Vessel",'DETAILED ITR LIST'!F:F,"TP",'DETAILED ITR LIST'!AC:AC,"CLOSED") -> 52 | U19: =S19-T19 -> 38 | V19: =T19/S19 -> 0.57777778
B20: I - Instrumentation | D20: =COUNTIFS('DETAILED ITR LIST'!AD:AD,"PS5 - Milestone E",'DETAILED ITR LIST'!K:K,"I - Instrumentation") -> 223 | E20: =COUNTIFS('DETAILED ITR LIST'!AD:AD,"PS5 - Milestone E",'DETAILED ITR LIST'!K:K,"I - Instrumentation",'DETAILED ITR LIST'!AC:AC,"CLOSED") -> 3 | F20: =D20-E20 -> 220 | L20: 3 | O20: =SUM(H20:N20) -> 3 | R20: PS5 - Milestone H | S20: =COUNTIFS('DETAILED ITR LIST'!AD:AD,"PS5 - Milestone H",'DETAILED ITR LIST'!K:K,"P - Piping & Vessel",'DETAILED ITR LIST'!F:F,"TP") -> 25 | T20: =COUNTIFS('DETAILED ITR LIST'!AD:AD,"PS5 - Milestone H",'DETAILED ITR LIST'!K:K,"P - Piping & Vessel",'DETAILED ITR LIST'!F:F,"TP",'DETAILED ITR LIST'!AC:AC,"CLOSED") -> 18 | U20: =S20-T20 -> 7 | V20: =T20/S20 -> 0.72
B21: M - Mechanical | D21: =COUNTIFS('DETAILED ITR LIST'!AD:AD,"PS5 - Milestone E",'DETAILED ITR LIST'!K:K,"M - Mechanical") -> 29 | E21: =COUNTIFS('DETAILED ITR LIST'!AD:AD,"PS5 - Milestone E",'DETAILED ITR LIST'!K:K,"M - Mechanical",'DETAILED ITR LIST'!AC:AC,"CLOSED") -> 29 | F21: =D21-E21 -> 0 | O21: =SUM(H21:N21) -> 0 | R21: GRAND TOTAL | S21: =SUM(S17:S20) -> 700 | T21: =SUM(T17:T20) -> 467 | U21: =S21-T21 -> 233 | V21: =T21/S21 -> 0.66714286
B22: P - Piping & Vessel | D22: =COUNTIFS('DETAILED ITR LIST'!AD:AD,"PS5 - Milestone E",'DETAILED ITR LIST'!K:K,"P - Piping & Vessel") -> 129 | E22: =COUNTIFS('DETAILED ITR LIST'!AD:AD,"PS5 - Milestone E",'DETAILED ITR LIST'!K:K,"P - Piping & Vessel",'DETAILED ITR LIST'!AC:AC,"CLOSED") -> 67 | F22: =D22-E22 -> 62 | K22: 3 | L22: 3 | M22: 7 | N22: 5 | O22: =SUM(H22:N22) -> 18
B23: T - Telecom | D23: =COUNTIFS('DETAILED ITR LIST'!AD:AD,"PS5 - Milestone E",'DETAILED ITR LIST'!K:K,"T - Telecom") -> 14 | E23: =COUNTIFS('DETAILED ITR LIST'!AD:AD,"PS5 - Milestone E",'DETAILED ITR LIST'!K:K,"T - Telecom",'DETAILED ITR LIST'!AC:AC,"CLOSED") -> 0 | F23: =D23-E23 -> 14 | O23: =SUM(H23:N23) -> 0
B24: PS5 - Milestone H | C24: 3 | D24: =COUNTIFS('DETAILED ITR LIST'!AD:AD,"PS5 - Milestone H") -> 154 | E24: =COUNTIFS('DETAILED ITR LIST'!AD:AD,"PS5 - Milestone H",'DETAILED ITR LIST'!AC:AC,"Closed") -> 34 | F24: =D24-E24 -> 120 | O24: =E24/D24 -> 0.22077922
B25: E - Electrical | D25: =COUNTIFS('DETAILED ITR LIST'!AD:AD,"PS5 - Milestone H",'DETAILED ITR LIST'!K:K,"E - Electrical") -> 35 | E25: =COUNTIFS('DETAILED ITR LIST'!AD:AD,"PS5 - Milestone H",'DETAILED ITR LIST'!K:K,"E - Electrical",'DETAILED ITR LIST'!AC:AC,"CLOSED") -> 7 | F25: =D25-E25 -> 28 | N25: 3 | O25: =SUM(H25:N25) -> 3
B26: I - Instrumentation | D26: =COUNTIFS('DETAILED ITR LIST'!AD:AD,"PS5 - Milestone H",'DETAILED ITR LIST'!K:K,"I - Instrumentation") -> 76 | E26: =COUNTIFS('DETAILED ITR LIST'!AD:AD,"PS5 - Milestone H",'DETAILED ITR LIST'!K:K,"I - Instrumentation",'DETAILED ITR LIST'!AC:AC,"CLOSED") -> 0 | F26: =D26-E26 -> 76 | O26: =SUM(H26:N26) -> 0
B27: M - Mechanical | D27: =COUNTIFS('DETAILED ITR LIST'!AD:AD,"PS5 - Milestone H",'DETAILED ITR LIST'!K:K,"M - Mechanical") -> 6 | E27: =COUNTIFS('DETAILED ITR LIST'!AD:AD,"PS5 - Milestone H",'DETAILED ITR LIST'!K:K,"M - Mechanical",'DETAILED ITR LIST'!AC:AC,"CLOSED") -> 6 | F27: =D27-E27 -> 0 | K27: 2 | O27: =SUM(H27:N27) -> 2
B28: P - Piping & Vessel | D28: =COUNTIFS('DETAILED ITR LIST'!AD:AD,"PS5 - Milestone H",'DETAILED ITR LIST'!K:K,"P - Piping & Vessel") -> 35 | E28: =COUNTIFS('DETAILED ITR LIST'!AD:AD,"PS5 - Milestone H",'DETAILED ITR LIST'!K:K,"P - Piping & Vessel",'DETAILED ITR LIST'!AC:AC,"CLOSED") -> 21 | F28: =D28-E28 -> 14 | O28: =SUM(H28:N28) -> 0
B29: T - Telecom | D29: =COUNTIFS('DETAILED ITR LIST'!AD:AD,"PS5 - Milestone H",'DETAILED ITR LIST'!K:K,"T - Telecom") -> 2 | E29: =COUNTIFS('DETAILED ITR LIST'!AD:AD,"PS5 - Milestone H",'DETAILED ITR LIST'!K:K,"T - Telecom",'DETAILED ITR LIST'!AC:AC,"CLOSED") -> 0 | F29: =D29-E29 -> 2 | O29: =SUM(H29:N29) -> 0
B30: Grand Total | C30: 72 | D30: =SUM(D7:D11,D13:D17,D19:D23,D25:D29) -> 4144 | E30: =SUM(E7:E11,E13:E17,E19:E23,E25:E29) -> 1098 | F30: =SUM(F7:F11,F13:F17,F19:F23,F25:F29) -> 3046 | G30: =SUM(G7:G11,G13:G17,G19:G23,G25:G29) -> 0 | H30: =SUM(H7:H11,H13:H17,H19:H23,H25:H29) -> 16 | I30: =SUM(I7:I11,I13:I17,I19:I23,I25:I29) -> 0 | J30: =SUM(J7:J11,J13:J17,J19:J23,J25:J29) -> 0 | K30: =SUM(K7:K11,K13:K17,K19:K23,K25:K29) -> 23 | ... O30: =SUM(O7:O11,O13:O17,O19:O23,O25:O29) -> 131

Sheet 1ST PRIORITY MANTRAC
A1: TASK ID | B1: Asset - Tag | C1: Asset Pack ID | D1: Cable Pack ID | E1: Pipe Pack ID | F1: Loop Name | G1: Description | H1: Category (Summary) | I1: Discipline | J1: Task Type (Name) | K1: Discipline (Summary) | L1: Asset - Description | M1: Systemization - Process Plant ID | N1: Responsible Company (Summary) | O1: Actual Duration | P1: Scheduled Duration | Q1: Task Duration | R1: Title - Actual MH/Person | S1: Title - Planned MH/Person | T1: Field005 (Custom) | U1: Physical Location - Area (Summary) | V1: Systemization - Subsystem (Summary) | W1: Closing Date | X1: Subsystem ID | Y1: Priority | Z1: Priority | AA1: Test Form - Description | AB1: Asset Discipline | AC1: Task State | AD1: Priority | AE1: RFC | AF1: P-1,2,3
A2: T-00018-0192 | B2: PS5-61-IU-0001A | G2: CPX02 - Power transformer | H2: PCOM - Precommissioning | I2: E | J2: Conformity Check | K2: E - Electrical | L2: 11/33kV Transformer - 6.8 MVA | M2: EACOP | N2: CPP AGI | Q2: 16 | U2: PS5 - TZA - PS5 - Tanzania | V2: PS5-60-01 - Power Generation Package A | X2: PS5-60-01 | AA2: Power Transformer | AB2: E | AC2: To be completed | AD2: PS5 - Milestone B | AE2: =VLOOKUP(A:A,SUMMERY!AA:AC,2,FALSE) -> 46220 | AF2: =VLOOKUP(A:A,SUMMERY!AA:AC,3,FALSE) -> Priority-1
A3: T-00018-0193 | B3: PS5-61-IU-0001B | G3: CPX02 - Power transformer | H3: PCOM - Precommissioning | I3: E | J3: Conformity Check | K3: E - Electrical | L3: 11/33kV Transformer - 6.8 MVA | M3: EACOP | N3: CPP AGI | Q3: 16 | U3: PS5 - TZA - PS5 - Tanzania | V3: PS5-60-04 - Power Generation Package B | X3: PS5-60-04 | AA3: Power Transformer | AB3: E | AC3: To be completed | AD3: PS5 - Milestone B | AE3: =VLOOKUP(A:A,SUMMERY!AA:AC,2,FALSE) -> 46233 | AF3: =VLOOKUP(A:A,SUMMERY!AA:AC,3,FALSE) -> Priority-1
A4: T-00022-3334 | B4: PS5-60-IJ-0001A-CH04 | G4: CPX08 - HV Power Cable | H4: PCOM - Precommissioning | I4: E | J4: Conformity Check | K4: E - Electrical | L4: Cable FROM PS5-60-GE-8100A TO PS5-60-IJ-0001A | M4: EACOP | N4: CPP AGI | Q4: 4 | T4: TZ-MID-68-WPR2-150101 | U4: PS5 - TZA - PS5 - Tanzania | V4: PS5-60-01 - Power Generation Package A | W4: 46088.478 | X4: PS5-60-01 | AA4: HV Power Cable | AB4: E | AC4: Closed | AD4: PS5 - Milestone B | AE4: =VLOOKUP(A:A,SUMMERY!AA:AC,2,FALSE) -> 46220 | AF4: =VLOOKUP(A:A,SUMMERY!AA:AC,3,FALSE) -> Priority-1
A5: T-00022-3335 | B5: PS5-60-IJ-0001B-CH04 | G5: CPX08 - HV Power Cable | H5: PCOM - Precommissioning | I5: E | J5: Conformity Check | K5: E - Electrical | L5: Cable FROM PS5-60-GE-8100B TO PS5-60-IJ-0001B | M5: EACOP | N5: CPP AGI | Q5: 4 | T5: TZ-MID-68-WPR2-150101 | U5: PS5 - TZA - PS5 - Tanzania | V5: PS5-60-04 - Power Generation Package B | W5: 46088.483 | X5: PS5-60-04 | AA5: HV Power Cable | AB5: E | AC5: Closed | AD5: PS5 - Milestone B | AE5: =VLOOKUP(A:A,SUMMERY!AA:AC,2,FALSE) -> 46233 | AF5: =VLOOKUP(A:A,SUMMERY!AA:AC,3,FALSE) -> Priority-1
A6: T-00022-3377 | B6: PS5-61-IJ-0001-CH01 | G6: CPX08 - HV Power Cable | H6: PCOM - Precommissioning | I6: E | J6: Conformity Check | K6: E - Electrical | L6: Cable FROM PS5-61-IU-0001A TO PS5-61-IJ-0001 | M6: EACOP | N6: CPP AGI | Q6: 4 | T6: TZ-MID-68-WPR2-150101 | U6: PS5 - TZA - PS5 - Tanzania | V6: PS5-60-01 - Power Generation Package A | W6: 46136.342 | X6: PS5-60-01 | AA6: HV Power Cable | AB6: E | AC6: Closed | AD6: PS5 - Milestone B | AE6: =VLOOKUP(A:A,SUMMERY!AA:AC,2,FALSE) -> 46220 | AF6: =VLOOKUP(A:A,SUMMERY!AA:AC,3,FALSE) -> Priority-1
A7: T-00022-3378 | B7: PS5-61-IJ-0001-CH02 | G7: CPX08 - HV Power Cable | H7: PCOM - Precommissioning | I7: E | J7: Conformity Check | K7: E - Electrical | L7: Cable FROM PS5-61-IU-0001A TO PS5-61-IJ-0001 | M7: EACOP | N7: CPP AGI | Q7: 4 | T7: TZ-MID-68-WPR2-150101 | U7: PS5 - TZA - PS5 - Tanzania | V7: PS5-60-01 - Power Generation Package A | W7: 46136.541 | X7: PS5-60-01 | AA7: HV Power Cable | AB7: E | AC7: Closed | AD7: PS5 - Milestone B | AE7: =VLOOKUP(A:A,SUMMERY!AA:AC,2,FALSE) -> 46220 | AF7: =VLOOKUP(A:A,SUMMERY!AA:AC,3,FALSE) -> Priority-1
A8: T-00022-3379 | B8: PS5-61-IJ-0001-CH03 | G8: CPX08 - HV Power Cable | H8: PCOM - Precommissioning | I8: E | J8: Conformity Check | K8: E - Electrical | L8: Cable FROM PS5-61-IU-0001A TO PS5-61-IJ-0001 | M8: EACOP | N8: CPP AGI | Q8: 4 | T8: TZ-MID-68-WPR2-150101 | U8: PS5 - TZA - PS5 - Tanzania | V8: PS5-60-01 - Power Generation Package A | W8: 46136.542 | X8: PS5-60-01 | AA8: HV Power Cable | AB8: E | AC8: Closed | AD8: PS5 - Milestone B | AE8: =VLOOKUP(A:A,SUMMERY!AA:AC,2,FALSE) -> 46220 | AF8: =VLOOKUP(A:A,SUMMERY!AA:AC,3,FALSE) -> Priority-1
A9: T-00022-3380 | B9: PS5-61-IJ-0001-CH04 | G9: CPX08 - HV Power Cable | H9: PCOM - Precommissioning | I9: E | J9: Conformity Check | K9: E - Electrical | L9: Cable FROM PS5-61-IU-0001B TO PS5-61-IJ-0001 | M9: EACOP | N9: CPP AGI | Q9: 4 | T9: TZ-MID-68-WPR2-150101 | U9: PS5 - TZA - PS5 - Tanzania | V9: PS5-60-04 - Power Generation Package B | W9: 46136.542 | X9: PS5-60-04 | AA9: HV Power Cable | AB9: E | AC9: Closed | AD9: PS5 - Milestone B | AE9: =VLOOKUP(A:A,SUMMERY!AA:AC,2,FALSE) -> 46233 | AF9: =VLOOKUP(A:A,SUMMERY!AA:AC,3,FALSE) -> Priority-1
A10: T-00022-3381 | B10: PS5-61-IJ-0001-CH05 | G10: CPX08 - HV Power Cable | H10: PCOM - Precommissioning | I10: E | J10: Conformity Check | K10: E - Electrical | L10: Cable FROM PS5-61-IU-0001B TO PS5-61-IJ-0001 | M10: EACOP | N10: CPP AGI | Q10: 4 | T10: TZ-MID-68-WPR2-150101 | U10: PS5 - TZA - PS5 - Tanzania | V10: PS5-60-04 - Power Generation Package B | W10: 46136.542 | X10: PS5-60-04 | AA10: HV Power Cable | AB10: E | AC10: Closed | AD10: PS5 - Milestone B | AE10: =VLOOKUP(A:A,SUMMERY!AA:AC,2,FALSE) -> 46233 | AF10: =VLOOKUP(A:A,SUMMERY!AA:AC,3,FALSE) -> Priority-1
A11: T-00022-3382 | B11: PS5-61-IJ-0001-CH06 | G11: CPX08 - HV Power Cable | H11: PCOM - Precommissioning | I11: E | J11: Conformity Check | K11: E - Electrical | L11: Cable FROM PS5-61-IU-0001B TO PS5-61-IJ-0001 | M11: EACOP | N11: CPP AGI | Q11: 4 | T11: TZ-MID-68-WPR2-150101 | U11: PS5 - TZA - PS5 - Tanzania | V11: PS5-60-04 - Power Generation Package B | W11: 46136.575 | X11: PS5-60-04 | AA11: HV Power Cable | AB11: E | AC11: Closed | AD11: PS5 - Milestone B | AE11: =VLOOKUP(A:A,SUMMERY!AA:AC,2,FALSE) -> 46233 | AF11: =VLOOKUP(A:A,SUMMERY!AA:AC,3,FALSE) -> Priority-1
A12: T-00022-3410 | B12: PS5-61-IU-0001A-CH01 | G12: CPX08 - HV Power Cable | H12: PCOM - Precommissioning | I12: E | J12: Conformity Check | K12: E - Electrical | L12: Cable FROM PS5-60-GE-8100A TO PS5-61-IU-0001A | M12: EACOP | N12: CPP AGI | Q12: 4 | T12: TZ-MID-68-WPR2-150101 | U12: PS5 - TZA - PS5 - Tanzania | V12: PS5-60-01 - Power Generation Package A | W12: 46071.541 | X12: PS5-60-01 | AA12: HV Power Cable | AB12: E | AC12: Closed | AD12: PS5 - Milestone B | AE12: =VLOOKUP(A:A,SUMMERY!AA:AC,2,FALSE) -> 46220 | AF12: =VLOOKUP(A:A,SUMMERY!AA:AC,3,FALSE) -> Priority-1
A13: T-00022-3411 | B13: PS5-61-IU-0001A-CH02 | G13: CPX08 - HV Power Cable | H13: PCOM - Precommissioning | I13: E | J13: Conformity Check | K13: E - Electrical | L13: Cable FROM PS5-60-GE-8100A TO PS5-61-IU-0001A | M13: EACOP | N13: CPP AGI | Q13: 4 | T13: TZ-MID-68-WPR2-150101 | U13: PS5 - TZA - PS5 - Tanzania | V13: PS5-60-01 - Power Generation Package A | W13: 46071.544 | X13: PS5-60-01 | AA13: HV Power Cable | AB13: E | AC13: Closed | AD13: PS5 - Milestone B | AE13: =VLOOKUP(A:A,SUMMERY!AA:AC,2,FALSE) -> 46220 | AF13: =VLOOKUP(A:A,SUMMERY!AA:AC,3,FALSE) -> Priority-1
A14: T-00022-3412 | B14: PS5-61-IU-0001A-CH03 | G14: CPX08 - HV Power Cable | H14: PCOM - Precommissioning | I14: E | J14: Conformity Check | K14: E - Electrical | L14: Cable FROM PS5-60-GE-8100A TO PS5-61-IU-0001A | M14: EACOP | N14: CPP AGI | Q14: 4 | T14: TZ-MID-68-WPR2-150101 | U14: PS5 - TZA - PS5 - Tanzania | V14: PS5-60-01 - Power Generation Package A | W14: 46071.546 | X14: PS5-60-01 | AA14: HV Power Cable | AB14: E | AC14: Closed | AD14: PS5 - Milestone B | AE14: =VLOOKUP(A:A,SUMMERY!AA:AC,2,FALSE) -> 46220 | AF14: =VLOOKUP(A:A,SUMMERY!AA:AC,3,FALSE) -> Priority-1
A15: T-00022-3413 | B15: PS5-61-IU-0001B-CH01 | G15: CPX08 - HV Power Cable | H15: PCOM - Precommissioning | I15: E | J15: Conformity Check | K15: E - Electrical | L15: Cable FROM PS5-60-GE-8100B TO PS5-61-IU-0001B | M15: EACOP | N15: CPP AGI | Q15: 4 | T15: TZ-MID-68-WPR2-150101 | U15: PS5 - TZA - PS5 - Tanzania | V15: PS5-60-04 - Power Generation Package B | W15: 46071.548 | X15: PS5-60-04 | AA15: HV Power Cable | AB15: E | AC15: Closed | AD15: PS5 - Milestone B | AE15: =VLOOKUP(A:A,SUMMERY!AA:AC,2,FALSE) -> 46233 | AF15: =VLOOKUP(A:A,SUMMERY!AA:AC,3,FALSE) -> Priority-1
... A17: T-00022-3415 | B17: PS5-61-IU-0001B-CH03 | G17: CPX08 - HV Power Cable | H17: PCOM - Precommissioning | I17: E | J17: Conformity Check | K17: E - Electrical | L17: Cable FROM PS5-60-GE-8100B TO PS5-61-IU-0001B | M17: EACOP | N17: CPP AGI | Q17: 4 | T17: TZ-MID-68-WPR2-150101 | U17: PS5 - TZA - PS5 - Tanzania | V17: PS5-60-04 - Power Generation Package B | W17: 46071.551 | X17: PS5-60-04 | AA17: HV Power Cable | AB17: E | AC17: Closed | AD17: PS5 - Milestone B | AE17: =VLOOKUP(A:A,SUMMERY!AA:AC,2,FALSE) -> 46233 | AF17: =VLOOKUP(A:A,SUMMERY!AA:AC,3,FALSE) -> Priority-1
A18: T-00023-10536 | B18: PS5-60-IN-0002A-CG01 | G18: CPX09 - LV Power Cable | H18: PCOM - Precommissioning | I18: E | J18: Conformity Check | K18: E - Electrical | L18: Cable FROM PS5-60-IH-0001A TO PS5-60-IN-0002A | M18: EACOP | N18: CPP AGI | Q18: 1 | S18: 1 | U18: PS5 - TZA - PS5 - Tanzania | V18: PS5-60-57 - Fuel Conditioning Module PS5-60-UZ-8900A (UCP) | X18: PS5-60-57 | AA18: LV Power Cable | AB18: E | AC18: To be completed | AD18: PS5 - Milestone B | AE18: =VLOOKUP(A:A,SUMMERY!AA:AC,2,FALSE) -> 46220 | AF18: =VLOOKUP(A:A,SUMMERY!AA:AC,3,FALSE) -> Priority-1
A19: T-00023-10537 | B19: PS5-60-IN-0002B-CG01 | G19: CPX09 - LV Power Cable | H19: PCOM - Precommissioning | I19: E | J19: Conformity Check | K19: E - Electrical | L19: Cable FROM PS5-60-IH-0001B TO PS5-60-IN-0002B | M19: EACOP | N19: CPP AGI | Q19: 1 | S19: 1 | U19: PS5 - TZA - PS5 - Tanzania | V19: PS5-60-59 - Fuel Conditioning Module PS5-60-UZ-8900B (UCP) | X19: PS5-60-59 | AA19: LV Power Cable | AB19: E | AC19: To be completed | AD19: PS5 - Milestone B | AE19: =VLOOKUP(A:A,SUMMERY!AA:AC,2,FALSE) -> 46234 | AF19: =VLOOKUP(A:A,SUMMERY!AA:AC,3,FALSE) -> Priority-1
A20: T-00023-10593 | B20: PS5-60-IH-0001A-CG01 | G20: CPX09 - LV Power Cable | H20: PCOM - Precommissioning | I20: E | J20: Conformity Check | K20: E - Electrical | L20: Cable FROM PS5-61-IK-0003 TO PS5-60-IH-0001A | M20: EACOP | N20: CPP AGI | Q20: 1 | S20: 1 | U20: PS5 - TZA - PS5 - Tanzania | V20: PS5-60-03 - Power Gen Package A Generator Auxiliary MCCs & DBs | X20: PS5-60-03 | AA20: LV Power Cable | AB20: E | AC20: To be completed | AD20: PS5 - Milestone B | AE20: =VLOOKUP(A:A,SUMMERY!AA:AC,2,FALSE) -> 46220 | AF20: =VLOOKUP(A:A,SUMMERY!AA:AC,3,FALSE) -> Priority-1
A21: T-00023-10594 | B21: PS5-60-IH-0001B-CG01 | G21: CPX09 - LV Power Cable | H21: PCOM - Precommissioning | I21: E | J21: Conformity Check | K21: E - Electrical | L21: Cable FROM PS5-61-IK-0003 TO PS5-60-IH-0001B | M21: EACOP | N21: CPP AGI | Q21: 1 | S21: 1 | U21: PS5 - TZA - PS5 - Tanzania | V21: PS5-60-06 - Power Gen Package B Generator Auxiliary MCCs & DBs | X21: PS5-60-06 | AA21: LV Power Cable | AB21: E | AC21: To be completed | AD21: PS5 - Milestone B | AE21: =VLOOKUP(A:A,SUMMERY!AA:AC,2,FALSE) -> 46233 | AF21: =VLOOKUP(A:A,SUMMERY!AA:AC,3,FALSE) -> Priority-1
A22: T-00023-10600 | B22: PS5-60-IH-0002-CG01 | G22: CPX09 - LV Power Cable | H22: PCOM - Precommissioning | I22: E | J22: Conformity Check | K22: E - Electrical | L22: Cable FROM PS5-61-IK-0003 TO PS5-60-IH-0002 | M22: EACOP | N22: CPP AGI | Q22: 1 | S22: 1 | U22: PS5 - TZA - PS5 - Tanzania | V22: PS5-60-22 - Power Gen Master UCP | X22: PS5-60-22 | AA22: LV Power Cable | AB22: E | AC22: To be completed | AD22: PS5 - Milestone B | AE22: =VLOOKUP(A:A,SUMMERY!AA:AC,2,FALSE) -> 46233 | AF22: =VLOOKUP(A:A,SUMMERY!AA:AC,3,FALSE) -> Priority-1
A23: T-00023-10601 | B23: PS5-60-IH-0002-CG02 | G23: CPX09 - LV Power Cable | H23: PCOM - Precommissioning | I23: E | J23: Conformity Check | K23: E - Electrical | L23: Cable FROM PS5-61-IK-0003 TO PS5-60-IH-0002 | M23: EACOP | N23: CPP AGI | Q23: 1 | S23: 1 | U23: PS5 - TZA - PS5 - Tanzania | V23: PS5-60-22 - Power Gen Master UCP | X23: PS5-60-22 | AA23: LV Power Cable | AB23: E | AC23: To be completed | AD23: PS5 - Milestone B | AE23: =VLOOKUP(A:A,SUMMERY!AA:AC,2,FALSE) -> 46233 | AF23: =VLOOKUP(A:A,SUMMERY!AA:AC,3,FALSE) -> Priority-1
A24: T-00023-10887 | B24: PS5-60-BE-0007A-CL02 | G24: CPX09 - LV Power Cable | H24: PCOM - Precommissioning | I24: E | J24: Conformity Check | K24: E - Electrical | L24: Cable FROM PS5-60-IN-0002A TO PS5-60-BE-0007A | M24: EACOP | N24: CPP AGI | Q24: 1 | S24: 1 | U24: PS5 - TZA - PS5 - Tanzania | V24: PS5-60-56 - Fuel Conditioning Module PS5-60-UZ-8900A | X24: PS5-60-56 | AA24: LV Power Cable | AB24: E | AC24: To be completed | AD24: PS5 - Milestone B | AE24: =VLOOKUP(A:A,SUMMERY!AA:AC,2,FALSE) -> 46233 | AF24: =VLOOKUP(A:A,SUMMERY!AA:AC,3,FALSE) -> Priority-1
A25: T-00023-10888 | B25: PS5-60-BE-0007A-CL03 | G25: CPX09 - LV Power Cable | H25: PCOM - Precommissioning | I25: E | J25: Conformity Check | K25: E - Electrical | L25: Cable FROM PS5-60-IN-0002A TO PS5-60-BE-0007A | M25: EACOP | N25: CPP AGI | Q25: 1 | S25: 1 | U25: PS5 - TZA - PS5 - Tanzania | V25: PS5-60-56 - Fuel Conditioning Module PS5-60-UZ-8900A | X25: PS5-60-56 | AA25: LV Power Cable | AB25: E | AC25: To be completed | AD25: PS5 - Milestone B | AE25: =VLOOKUP(A:A,SUMMERY!AA:AC,2,FALSE) -> 46233 | AF25: =VLOOKUP(A:A,SUMMERY!AA:AC,3,FALSE) -> Priority-1
A26: T-00023-10889 | B26: PS5-60-BE-0007B-CL02 | G26: CPX09 - LV Power Cable | H26: PCOM - Precommissioning | I26: E | J26: Conformity Check | K26: E - Electrical | L26: Cable FROM PS5-60-IN-0002B TO PS5-60-BE-0007B | M26: EACOP | N26: CPP AGI | Q26: 1 | S26: 1 | U26: PS5 - TZA - PS5 - Tanzania | V26: PS5-60-58 - Fuel Conditioning Module PS5-60-UZ-8900B | X26: PS5-60-58 | AA26: LV Power Cable | AB26: E | AC26: To be completed | AD26: PS5 - Milestone B | AE26: =VLOOKUP(A:A,SUMMERY!AA:AC,2,FALSE) -> 46234 | AF26: =VLOOKUP(A:A,SUMMERY!AA:AC,3,FALSE) -> Priority-1
A27: T-00023-10890 | B27: PS5-60-BE-0007B-CL03 | G27: CPX09 - LV Power Cable | H27: PCOM - Precommissioning | I27: E | J27: Conformity Check | K27: E - Electrical | L27: Cable FROM PS5-60-IN-0002B TO PS5-60-BE-0007B | M27: EACOP | N27: CPP AGI | Q27: 1 | S27: 1 | U27: PS5 - TZA - PS5 - Tanzania | V27: PS5-60-58 - Fuel Conditioning Module PS5-60-UZ-8900B | X27: PS5-60-58 | AA27: LV Power Cable | AB27: E | AC27: To be completed | AD27: PS5 - Milestone B | AE27: =VLOOKUP(A:A,SUMMERY!AA:AC,2,FALSE) -> 46234 | AF27: =VLOOKUP(A:A,SUMMERY!AA:AC,3,FALSE) -> Priority-1
A28: T-00023-10901 | B28: PS5-60-ISO-62800A-CL01 | G28: CPX09 - LV Power Cable | H28: PCOM - Precommissioning | I28: E | J28: Conformity Check | K28: E - Electrical | L28: Cable FROM PS5-60-IH-0001A TO PS5-60-ISO-62800A | M28: EACOP | N28: CPP AGI | Q28: 1 | S28: 1 | U28: PS5 - TZA - PS5 - Tanzania | V28: PS5-60-03 - Power Gen Package A Generator Auxiliary MCCs & DBs | X28: PS5-60-03 | AA28: LV Power Cable | AB28: E | AC28: To be completed | AD28: PS5 - Milestone B | AE28: =VLOOKUP(A:A,SUMMERY!AA:AC,2,FALSE) -> 46220 | AF28: =VLOOKUP(A:A,SUMMERY!AA:AC,3,FALSE) -> Priority-1
A29: T-00023-4978 | B29: PS5-60-BE-0001-CL01 | G29: CPX09 - LV Power Cable | H29: PCOM - Precommissioning | I29: E | J29: Conformity Check | K29: E - Electrical | L29: Cable FROM PS5-60-IH-0002 TO PS5-60-BE-0001 | M29: EACOP | N29: CPP AGI | Q29: 1 | T29: TZ-MID-68-WPR2-150101 | U29: PS5 - TZA - PS5 - Tanzania | V29: PS5-60-27 - Compressed Air Starting Skid | X29: PS5-60-27 | AA29: LV Power Cable | AB29: E | AC29: To be completed | AD29: PS5 - Milestone B | AE29: =VLOOKUP(A:A,SUMMERY!AA:AC,2,FALSE) -> 46220 | AF29: =VLOOKUP(A:A,SUMMERY!AA:AC,3,FALSE) -> Priority-1
A30: T-00023-4979 | B30: PS5-60-BE-0001-CL02 | G30: CPX09 - LV Power Cable | H30: PCOM - Precommissioning | I30: E | J30: Conformity Check | K30: E - Electrical | L30: Cable FROM PS5-60-IH-0002 TO PS5-60-BE-0001 | M30: EACOP | N30: CPP AGI | Q30: 1 | T30: TZ-MID-68-WPR2-150101 | U30: PS5 - TZA - PS5 - Tanzania | V30: PS5-60-27 - Compressed Air Starting Skid | X30: PS5-60-27 | AA30: LV Power Cable | AB30: E | AC30: To be completed | AD30: PS5 - Milestone B | AE30: =VLOOKUP(A:A,SUMMERY!AA:AC,2,FALSE) -> 46220 | AF30: =VLOOKUP(A:A,SUMMERY!AA:AC,3,FALSE) -> Priority-1
A31: T-00023-4981 | B31: PS5-60-BE-0001-CL04 | G31: CPX09 - LV Power Cable | H31: PCOM - Precommissioning | I31: E | J31: Conformity Check | K31: E - Electrical | L31: Cable FROM PS5-06-IG-0004B TO PS5-60-BE-0001 | M31: EACOP | N31: CPP AGI | Q31: 1 | T31: TZ-MID-68-WPR2-150101 | U31: PS5 - TZA - PS5 - Tanzania | V31: PS5-60-27 - Compressed Air Starting Skid | X31: PS5-60-27 | AA31: LV Power Cable | AB31: E | AC31: To be completed | AD31: PS5 - Milestone B | AE31: =VLOOKUP(A:A,SUMMERY!AA:AC,2,FALSE) -> 46220 | AF31: =VLOOKUP(A:A,SUMMERY!AA:AC,3,FALSE) -> Priority-1
A32: T-00023-4982 | B32: PS5-60-BE-0002-CL01 | G32: CPX09 - LV Power Cable | H32: PCOM - Precommissioning | I32: E | J32: Conformity Check | K32: E - Electrical | L32: Cable FROM PS5-60-IH-0002 TO PS5-60-BE-0002 | M32: EACOP | N32: CPP AGI | Q32: 1 | T32: TZ-MID-68-WPR2-150101 | U32: PS5 - TZA - PS5 - Tanzania | V32: PS5-60-26 - Instrument Air Compressor Skid | X32: PS5-60-26 | AA32: LV Power Cable | AB32: E | AC32: To be completed | AD32: PS5 - Milestone B | AE32: =VLOOKUP(A:A,SUMMERY!AA:AC,2,FALSE) -> 46220 | AF32: =VLOOKUP(A:A,SUMMERY!AA:AC,3,FALSE) -> Priority-1
A33: T-00023-4983 | B33: PS5-60-BE-0002-CL02 | G33: CPX09 - LV Power Cable | H33: PCOM - Precommissioning | I33: E | J33: Conformity Check | K33: E - Electrical | L33: Cable FROM PS5-60-IH-0002 TO PS5-60-BE-0002 | M33: EACOP | N33: CPP AGI | Q33: 1 | T33: TZ-MID-68-WPR2-150101 | U33: PS5 - TZA - PS5 - Tanzania | V33: PS5-60-26 - Instrument Air Compressor Skid | X33: PS5-60-26 | AA33: LV Power Cable | AB33: E | AC33: To be completed | AD33: PS5 - Milestone B | AE33: =VLOOKUP(A:A,SUMMERY!AA:AC,2,FALSE) -> 46220 | AF33: =VLOOKUP(A:A,SUMMERY!AA:AC,3,FALSE) -> Priority-1
A34: T-00023-4984 | B34: PS5-60-BE-0002-CL03 | G34: CPX09 - LV Power Cable | H34: PCOM - Precommissioning | I34: E | J34: Conformity Check | K34: E - Electrical | L34: Cable FROM PS5-60-IH-0002 TO PS5-60-BE-0002 | M34: EACOP | N34: CPP AGI | Q34: 1 | T34: TZ-MID-68-WPR2-150101 | U34: PS5 - TZA - PS5 - Tanzania | V34: PS5-60-26 - Instrument Air Compressor Skid | X34: PS5-60-26 | AA34: LV Power Cable | AB34: E | AC34: To be completed | AD34: PS5 - Milestone B | AE34: =VLOOKUP(A:A,SUMMERY!AA:AC,2,FALSE) -> 46220 | AF34: =VLOOKUP(A:A,SUMMERY!AA:AC,3,FALSE) -> Priority-1
A35: T-00023-4986 | B35: PS5-60-BE-0002-CL05 | G35: CPX09 - LV Power Cable | H35: PCOM - Precommissioning | I35: E | J35: Conformity Check | K35: E - Electrical | L35: Cable FROM PS5-06-IG-0004B TO PS5-60-BE-0002 | M35: EACOP | N35: CPP AGI | Q35: 1 | T35: TZ-MID-68-WPR2-150101 | U35: PS5 - TZA - PS5 - Tanzania | V35: PS5-60-26 - Instrument Air Compressor Skid | X35: PS5-60-26 | AA35: LV Power Cable | AB35: E | AC35: To be completed | AD35: PS5 - Milestone B | AE35: =VLOOKUP(A:A,SUMMERY!AA:AC,2,FALSE) -> 46220 | AF35: =VLOOKUP(A:A,SUMMERY!AA:AC,3,FALSE) -> Priority-1
A36: T-00023-4987 | B36: PS5-60-BE-0003A-CL01 | G36: CPX09 - LV Power Cable | H36: PCOM - Precommissioning | I36: E | J36: Conformity Check | K36: E - Electrical | L36: Cable FROM PS5-60-IH-0001A TO PS5-60-BE-0003A | M36: EACOP | N36: CPP AGI | Q36: 1 | T36: TZ-MID-68-WPR2-150101 | U36: PS5 - TZA - PS5 - Tanzania | V36: PS5-60-01 - Power Generation Package A | X36: PS5-60-01 | AA36: LV Power Cable | AB36: E | AC36: To be completed | AD36: PS5 - Milestone B | AE36: =VLOOKUP(A:A,SUMMERY!AA:AC,2,FALSE) -> 46220 | AF36: =VLOOKUP(A:A,SUMMERY!AA:AC,3,FALSE) -> Priority-1
A37: T-00023-4988 | B37: PS5-60-BE-0003B-CL01 | G37: CPX09 - LV Power Cable | H37: PCOM - Precommissioning | I37: E | J37: Conformity Check | K37: E - Electrical | L37: Cable FROM PS5-60-IH-0001B TO PS5-60-BE-0003B | M37: EACOP | N37: CPP AGI | Q37: 1 | T37: TZ-MID-68-WPR2-150101 | U37: PS5 - TZA - PS5 - Tanzania | V37: PS5-60-04 - Power Generation Package B | X37: PS5-60-04 | AA37: LV Power Cable | AB37: E | AC37: To be completed | AD37: PS5 - Milestone B | AE37: =VLOOKUP(A:A,SUMMERY!AA:AC,2,FALSE) -> 46233 | AF37: =VLOOKUP(A:A,SUMMERY!AA:AC,3,FALSE) -> Priority-1
A38: T-00023-4994 | B38: PS5-60-BE-0004A-CL01 | G38: CPX09 - LV Power Cable | H38: PCOM - Precommissioning | I38: E | J38: Conformity Check | K38: E - Electrical | L38: Cable FROM PS5-60-IH-0001A TO PS5-60-BE-0004A | M38: EACOP | N38: CPP AGI | Q38: 1 | T38: TZ-MID-68-WPR2-150101 | U38: PS5 - TZA - PS5 - Tanzania | V38: PS5-60-49 - Lube Oil Separator Module PS5-60-UO-81100A | X38: PS5-60-49 | AA38: LV Power Cable | AB38: E | AC38: To be completed | AD38: PS5 - Milestone B | AE38: =VLOOKUP(A:A,SUMMERY!AA:AC,2,FALSE) -> 46233 | AF38: =VLOOKUP(A:A,SUMMERY!AA:AC,3,FALSE) -> Priority-1
A39: T-00023-4995 | B39: PS5-60-BE-0004B-CL01 | G39: CPX09 - LV Power Cable | H39: PCOM - Precommissioning | I39: E | J39: Conformity Check | K39: E - Electrical | L39: Cable FROM PS5-60-IH-0001B TO PS5-60-BE-0004B | M39: EACOP | N39: CPP AGI | Q39: 1 | T39: TZ-MID-68-WPR2-150101 | U39: PS5 - TZA - PS5 - Tanzania | V39: PS5-60-50 - Lube Oil Separator Module PS5-60-UO-81100B | X39: PS5-60-50 | AA39: LV Power Cable | AB39: E | AC39: To be completed | AD39: PS5 - Milestone B | AE39: =VLOOKUP(A:A,SUMMERY!AA:AC,2,FALSE) -> 46233 | AF39: =VLOOKUP(A:A,SUMMERY!AA:AC,3,FALSE) -> Priority-1
A40: T-00023-5001 | B40: PS5-60-BE-0005A-CL01 | G40: CPX09 - LV Power Cable | H40: PCOM - Precommissioning | I40: E | J40: Conformity Check | K40: E - Electrical | L40: Cable FROM PS5-60-IH-0001A TO PS5-60-BE-0005A | M40: EACOP | N40: CPP AGI | Q40: 1 | T40: TZ-MID-68-WPR2-150101 | U40: PS5 - TZA - PS5 - Tanzania | V40: PS5-60-01 - Power Generation Package A | X40: PS5-60-01 | AA40: LV Power Cable | AB40: E | AC40: To be completed | AD40: PS5 - Milestone B | AE40: =VLOOKUP(A:A,SUMMERY!AA:AC,2,FALSE) -> 46220 | AF40: =VLOOKUP(A:A,SUMMERY!AA:AC,3,FALSE) -> Priority-1
... A158: T-00023-5601 | B158: PS5-71-MOV-0010-CL01 | G158: CPX09 - LV Power Cable | H158: PCOM - Precommissioning | I158: E | J158: Conformity Check | K158: E - Electrical | L158: Cable FROM PS5-61-IG-0042 TO PS5-71-MOV-0010 | M158: EACOP | N158: CPP AGI | Q158: 1 | T158: TZ-MID-68-WPR2-150101 | U158: PS5 - TZA - PS5 - Tanzania | V158: PS5-71-08 - CFO Pre-Pressure Modules | X158: PS5-71-08 | AA158: LV Power Cable | AB158: E | AC158: To be completed | AD158: PS5 - Milestone H | AE158: =VLOOKUP(A:A,SUMMERY!AA:AC,2,FALSE) -> 46234 | AF158: =VLOOKUP(A:A,SUMMERY!AA:AC,3,FALSE) -> Priority-2
A159: T-00023-9131 | B159: PS5-60-BE-0007A-CL01 | G159: CPX09 - LV Power Cable | H159: PCOM - Precommissioning | I159: E | J159: Conformity Check | K159: E - Electrical | L159: Cable FROM PS5-60-IN-0002A TO PS5-60-BE-0007A | M159: EACOP | N159: CPP AGI | Q159: 1 | U159: PS5 - TZA - PS5 - Tanzania | V159: PS5-60-56 - Fuel Conditioning Module PS5-60-UZ-8900A | X159: PS5-60-56 | AA159: LV Power Cable | AB159: E | AC159: To be completed | AD159: PS5 - Milestone B | AE159: =VLOOKUP(A:A,SUMMERY!AA:AC,2,FALSE) -> 46233 | AF159: =VLOOKUP(A:A,SUMMERY!AA:AC,3,FALSE) -> Priority-1
A160: T-00023-9132 | B160: PS5-60-BE-0007B-CL01 | G160: CPX09 - LV Power Cable | H160: PCOM - Precommissioning | I160: E | J160: Conformity Check | K160: E - Electrical | L160: Cable FROM PS5-60-IN-0002B TO PS5-60-BE-0007B | M160: EACOP | N160: CPP AGI | Q160: 1 | U160: PS5 - TZA - PS5 - Tanzania | V160: PS5-60-58 - Fuel Conditioning Module PS5-60-UZ-8900B | X160: PS5-60-58 | AA160: LV Power Cable | AB160: E | AC160: To be completed | AD160: PS5 - Milestone B | AE160: =VLOOKUP(A:A,SUMMERY!AA:AC,2,FALSE) -> 46234 | AF160: =VLOOKUP(A:A,SUMMERY!AA:AC,3,FALSE) -> Priority-1
A161: T-00023-9138 | B161: PS5-60-BE-0027A-CL01 | G161: CPX09 - LV Power Cable | H161: PCOM - Precommissioning | I161: E | J161: Conformity Check | K161: E - Electrical | L161: Cable FROM PS5-60-IN-0002A TO PS5-60-BE-0027A | M161: EACOP | N161: CPP AGI | Q161: 1 | U161: PS5 - TZA - PS5 - Tanzania | V161: PS5-60-56 - Fuel Conditioning Module PS5-60-UZ-8900A | X161: PS5-60-56 | AA161: LV Power Cable | AB161: E | AC161: To be completed | AD161: PS5 - Milestone B | AE161: =VLOOKUP(A:A,SUMMERY!AA:AC,2,FALSE) -> 46233 | AF161: =VLOOKUP(A:A,SUMMERY!AA:AC,3,FALSE) -> Priority-1
A162: T-00023-9139 | B162: PS5-60-BE-0027B-CL01 | G162: CPX09 - LV Power Cable | H162: PCOM - Precommissioning | I162: E | J162: Conformity Check | K162: E - Electrical | L162: Cable FROM PS5-60-IN-0002B TO PS5-60-BE-0027B | M162: EACOP | N162: CPP AGI | Q162: 1 | U162: PS5 - TZA - PS5 - Tanzania | V162: PS5-60-58 - Fuel Conditioning Module PS5-60-UZ-8900B | X162: PS5-60-58 | AA162: LV Power Cable | AB162: E | AC162: To be completed | AD162: PS5 - Milestone B | AE162: =VLOOKUP(A:A,SUMMERY!AA:AC,2,FALSE) -> 46234 | AF162: =VLOOKUP(A:A,SUMMERY!AA:AC,3,FALSE) -> Priority-1
A163: T-00023-9145 | B163: PS5-60-BE-0028A-CL01 | G163: CPX09 - LV Power Cable | H163: PCOM - Precommissioning | I163: E | J163: Conformity Check | K163: E - Electrical | L163: Cable FROM PS5-60-IN-0002A TO PS5-60-BE-0028A | M163: EACOP | N163: CPP AGI | Q163: 1 | U163: PS5 - TZA - PS5 - Tanzania | V163: PS5-60-56 - Fuel Conditioning Module PS5-60-UZ-8900A | X163: PS5-60-56 | AA163: LV Power Cable | AB163: E | AC163: To be completed | AD163: PS5 - Milestone B | AE163: =VLOOKUP(A:A,SUMMERY!AA:AC,2,FALSE) -> 46233 | AF163: =VLOOKUP(A:A,SUMMERY!AA:AC,3,FALSE) -> Priority-1
A164: T-00023-9146 | B164: PS5-60-BE-0028B-CL01 | G164: CPX09 - LV Power Cable | H164: PCOM - Precommissioning | I164: E | J164: Conformity Check | K164: E - Electrical | L164: Cable FROM PS5-60-IN-0002B TO PS5-60-BE-0028B | M164: EACOP | N164: CPP AGI | Q164: 1 | U164: PS5 - TZA - PS5 - Tanzania | V164: PS5-60-58 - Fuel Conditioning Module PS5-60-UZ-8900B | X164: PS5-60-58 | AA164: LV Power Cable | AB164: E | AC164: To be completed | AD164: PS5 - Milestone B | AE164: =VLOOKUP(A:A,SUMMERY!AA:AC,2,FALSE) -> 46234 | AF164: =VLOOKUP(A:A,SUMMERY!AA:AC,3,FALSE) -> Priority-1
A165: T-00023-9152 | B165: PS5-60-BI-0006A-CL01 | G165: CPX09 - LV Power Cable | H165: PCOM - Precommissioning | I165: E | J165: Conformity Check | K165: E - Electrical | L165: Cable FROM PS5-60-IN-0002A TO PS5-60-BI-0006A | M165: EACOP | N165: CPP AGI | Q165: 1 | U165: PS5 - TZA - PS5 - Tanzania | V165: PS5-60-56 - Fuel Conditioning Module PS5-60-UZ-8900A | X165: PS5-60-56 | AA165: LV Power Cable | AB165: E | AC165: To be completed | AD165: PS5 - Milestone B | AE165: =VLOOKUP(A:A,SUMMERY!AA:AC,2,FALSE) -> 46233 | AF165: =VLOOKUP(A:A,SUMMERY!AA:AC,3,FALSE) -> Priority-1
A166: T-00023-9153 | B166: PS5-60-BI-0006A-CL02 | G166: CPX09 - LV Power Cable | H166: PCOM - Precommissioning | I166: E | J166: Conformity Check | K166: E - Electrical | L166: Cable FROM PS5-60-IN-0002A TO PS5-60-BI-0006A | M166: EACOP | N166: CPP AGI | Q166: 1 | U166: PS5 - TZA - PS5 - Tanzania | V166: PS5-60-56 - Fuel Conditioning Module PS5-60-UZ-8900A | X166: PS5-60-56 | AA166: LV Power Cable | AB166: E | AC166: To be completed | AD166: PS5 - Milestone B | AE166: =VLOOKUP(A:A,SUMMERY!AA:AC,2,FALSE) -> 46233 | AF166: =VLOOKUP(A:A,SUMMERY!AA:AC,3,FALSE) -> Priority-1
A167: T-00023-9154 | B167: PS5-60-BI-0006A-CL03 | G167: CPX09 - LV Power Cable | H167: PCOM - Precommissioning | I167: E | J167: Conformity Check | K167: E - Electrical | L167: Cable FROM PS5-60-IN-0002A TO PS5-60-BI-0006A | M167: EACOP | N167: CPP AGI | Q167: 1 | U167: PS5 - TZA - PS5 - Tanzania | V167: PS5-60-56 - Fuel Conditioning Module PS5-60-UZ-8900A | X167: PS5-60-56 | AA167: LV Power Cable | AB167: E | AC167: To be completed | AD167: PS5 - Milestone B | AE167: =VLOOKUP(A:A,SUMMERY!AA:AC,2,FALSE) -> 46233 | AF167: =VLOOKUP(A:A,SUMMERY!AA:AC,3,FALSE) -> Priority-1
A168: T-00023-9155 | B168: PS5-60-BI-0006A-CL04 | G168: CPX09 - LV Power Cable | H168: PCOM - Precommissioning | I168: E | J168: Conformity Check | K168: E - Electrical | L168: Cable FROM PS5-60-IN-0002A TO PS5-60-BI-0006A | M168: EACOP | N168: CPP AGI | Q168: 1 | U168: PS5 - TZA - PS5 - Tanzania | V168: PS5-60-56 - Fuel Conditioning Module PS5-60-UZ-8900A | X168: PS5-60-56 | AA168: LV Power Cable | AB168: E | AC168: To be completed | AD168: PS5 - Milestone B | AE168: =VLOOKUP(A:A,SUMMERY!AA:AC,2,FALSE) -> 46233 | AF168: =VLOOKUP(A:A,SUMMERY!AA:AC,3,FALSE) -> Priority-1
A169: T-00023-9156 | B169: PS5-60-BI-0006A-CL05 | G169: CPX09 - LV Power Cable | H169: PCOM - Precommissioning | I169: E | J169: Conformity Check | K169: E - Electrical | L169: Cable FROM PS5-60-IN-0002A TO PS5-60-BI-0006A | M169: EACOP | N169: CPP AGI | Q169: 1 | U169: PS5 - TZA - PS5 - Tanzania | V169: PS5-60-56 - Fuel Conditioning Module PS5-60-UZ-8900A | X169: PS5-60-56 | AA169: LV Power Cable | AB169: E | AC169: To be completed | AD169: PS5 - Milestone B | AE169: =VLOOKUP(A:A,SUMMERY!AA:AC,2,FALSE) -> 46233 | AF169: =VLOOKUP(A:A,SUMMERY!AA:AC,3,FALSE) -> Priority-1
A170: T-00023-9157 | B170: PS5-60-BI-0006A-CL06 | G170: CPX09 - LV Power Cable | H170: PCOM - Precommissioning | I170: E | J170: Conformity Check | K170: E - Electrical | L170: Cable FROM PS5-60-IN-0002A TO PS5-60-BI-0006A | M170: EACOP | N170: CPP AGI | Q170: 1 | U170: PS5 - TZA - PS5 - Tanzania | V170: PS5-60-56 - Fuel Conditioning Module PS5-60-UZ-8900A | X170: PS5-60-56 | AA170: LV Power Cable | AB170: E | AC170: To be completed | AD170: PS5 - Milestone B | AE170: =VLOOKUP(A:A,SUMMERY!AA:AC,2,FALSE) -> 46233 | AF170: =VLOOKUP(A:A,SUMMERY!AA:AC,3,FALSE) -> Priority-1
... A202: T-00023-9255 | B202: PS5-71-BI-0006-CL01 | G202: CPX09 - LV Power Cable | H202: PCOM - Precommissioning | I202: E | J202: Conformity Check | K202: E - Electrical | L202: Cable FROM PS5-71-IN-0003 TO PS5-71-BI-0006 | M202: EACOP | N202: CPP AGI | Q202: 1 | U202: PS5 - TZA - PS5 - Tanzania | V202: PS5-71-22 - Diesel Fuel Pre Pressure Module | X202: PS5-71-22 | AA202: LV Power Cable | AB202: E | AC202: To be completed | AD202: PS5 - Milestone B | AE202: =VLOOKUP(A:A,SUMMERY!AA:AC,2,FALSE) -> 46224 | AF202: =VLOOKUP(A:A,SUMMERY!AA:AC,3,FALSE) -> Priority-1
A203: T-00024-2101 | B203: PS5-60-IE-0002A-CD01 | G203: CPX10 - Multicore Electrical Control Cable | H203: PCOM - Precommissioning | I203: E | J203: Conformity Check | K203: E - Electrical | L203: Cable FROM PS5-60-BI-0015A TO PS5-60-IE-0002A | M203: EACOP | N203: CPP AGI | Q203: 4 | T203: TZ-MID-68-WPR2-150101 | U203: PS5 - TZA - PS5 - Tanzania | V203: PS5-60-01 - Power Generation Package A | X203: PS5-60-01 | AA203: Multicore Electrical Control Cable | AB203: E | AC203: To be completed | AD203: PS5 - Milestone B | AE203: =VLOOKUP(A:A,SUMMERY!AA:AC,2,FALSE) -> 46220 | AF203: =VLOOKUP(A:A,SUMMERY!AA:AC,3,FALSE) -> Priority-1
A204: T-00024-2102 | B204: PS5-60-IE-0002A-CD02 | G204: CPX10 - Multicore Electrical Control Cable | H204: PCOM - Precommissioning | I204: E | J204: Conformity Check | K204: E - Electrical | L204: Cable FROM PS5-60-BI-0015A TO PS5-60-IE-0002A | M204: EACOP | N204: CPP AGI | Q204: 4 | T204: TZ-MID-68-WPR2-150101 | U204: PS5 - TZA - PS5 - Tanzania | V204: PS5-60-01 - Power Generation Package A | X204: PS5-60-01 | AA204: Multicore Electrical Control Cable | AB204: E | AC204: To be completed | AD204: PS5 - Milestone B | AE204: =VLOOKUP(A:A,SUMMERY!AA:AC,2,FALSE) -> 46220 | AF204: =VLOOKUP(A:A,SUMMERY!AA:AC,3,FALSE) -> Priority-1
A205: T-00024-2103 | B205: PS5-60-IE-0002A-CD03 | G205: CPX10 - Multicore Electrical Control Cable | H205: PCOM - Precommissioning | I205: E | J205: Conformity Check | K205: E - Electrical | L205: Cable FROM PS5-60-BI-0015A TO PS5-60-IE-0002A | M205: EACOP | N205: CPP AGI | Q205: 4 | T205: TZ-MID-68-WPR2-150101 | U205: PS5 - TZA - PS5 - Tanzania | V205: PS5-60-01 - Power Generation Package A | X205: PS5-60-01 | AA205: Multicore Electrical Control Cable | AB205: E | AC205: To be completed | AD205: PS5 - Milestone B | AE205: =VLOOKUP(A:A,SUMMERY!AA:AC,2,FALSE) -> 46220 | AF205: =VLOOKUP(A:A,SUMMERY!AA:AC,3,FALSE) -> Priority-1
A206: T-00024-2104 | B206: PS5-60-IE-0002B-CD01 | G206: CPX10 - Multicore Electrical Control Cable | H206: PCOM - Precommissioning | I206: E | J206: Conformity Check | K206: E - Electrical | L206: Cable FROM PS5-60-BI-0015B TO PS5-60-IE-0002B | M206: EACOP | N206: CPP AGI | Q206: 4 | T206: TZ-MID-68-WPR2-150101 | U206: PS5 - TZA - PS5 - Tanzania | V206: PS5-60-04 - Power Generation Package B | X206: PS5-60-04 | AA206: Multicore Electrical Control Cable | AB206: E | AC206: To be completed | AD206: PS5 - Milestone B | AE206: =VLOOKUP(A:A,SUMMERY!AA:AC,2,FALSE) -> 46233 | AF206: =VLOOKUP(A:A,SUMMERY!AA:AC,3,FALSE) -> Priority-1
A207: T-00024-2105 | B207: PS5-60-IE-0002B-CD02 | G207: CPX10 - Multicore Electrical Control Cable | H207: PCOM - Precommissioning | I207: E | J207: Conformity Check | K207: E - Electrical | L207: Cable FROM PS5-60-BI-0015B TO PS5-60-IE-0002B | M207: EACOP | N207: CPP AGI | Q207: 4 | T207: TZ-MID-68-WPR2-150101 | U207: PS5 - TZA - PS5 - Tanzania | V207: PS5-60-04 - Power Generation Package B | X207: PS5-60-04 | AA207: Multicore Electrical Control Cable | AB207: E | AC207: To be completed | AD207: PS5 - Milestone B | AE207: =VLOOKUP(A:A,SUMMERY!AA:AC,2,FALSE) -> 46233 | AF207: =VLOOKUP(A:A,SUMMERY!AA:AC,3,FALSE) -> Priority-1
A208: T-00024-2106 | B208: PS5-60-IE-0002B-CD03 | G208: CPX10 - Multicore Electrical Control Cable | H208: PCOM - Precommissioning | I208: E | J208: Conformity Check | K208: E - Electrical | L208: Cable FROM PS5-60-BI-0015B TO PS5-60-IE-0002B | M208: EACOP | N208: CPP AGI | Q208: 4 | T208: TZ-MID-68-WPR2-150101 | U208: PS5 - TZA - PS5 - Tanzania | V208: PS5-60-04 - Power Generation Package B | X208: PS5-60-04 | AA208: Multicore Electrical Control Cable | AB208: E | AC208: To be completed | AD208: PS5 - Milestone B | AE208: =VLOOKUP(A:A,SUMMERY!AA:AC,2,FALSE) -> 46233 | AF208: =VLOOKUP(A:A,SUMMERY!AA:AC,3,FALSE) -> Priority-1
A209: T-00024-2123 | B209: PS5-60-IE-0003A-CD02 | G209: CPX10 - Multicore Electrical Control Cable | H209: PCOM - Precommissioning | I209: E | J209: Conformity Check | K209: E - Electrical | L209: Cable FROM PS5-60-BI-0015A TO PS5-60-IE-0003A | M209: EACOP | N209: CPP AGI | Q209: 4 | T209: TZ-MID-68-WPR2-150101 | U209: PS5 - TZA - PS5 - Tanzania | V209: PS5-60-01 - Power Generation Package A | X209: PS5-60-01 | AA209: Multicore Electrical Control Cable | AB209: E | AC209: To be completed | AD209: PS5 - Milestone B | AE209: =VLOOKUP(A:A,SUMMERY!AA:AC,2,FALSE) -> 46220 | AF209: =VLOOKUP(A:A,SUMMERY!AA:AC,3,FALSE) -> Priority-1
A210: T-00024-2124 | B210: PS5-60-IE-0003A-CD03 | G210: CPX10 - Multicore Electrical Control Cable | H210: PCOM - Precommissioning | I210: E | J210: Conformity Check | K210: E - Electrical | L210: Cable FROM PS5-60-BI-0015A TO PS5-60-IE-0003A | M210: EACOP | N210: CPP AGI | Q210: 4 | T210: TZ-MID-68-WPR2-150101 | U210: PS5 - TZA - PS5 - Tanzania | V210: PS5-60-01 - Power Generation Package A | X210: PS5-60-01 | AA210: Multicore Electrical Control Cable | AB210: E | AC210: To be completed | AD210: PS5 - Milestone B | AE210: =VLOOKUP(A:A,SUMMERY!AA:AC,2,FALSE) -> 46220 | AF210: =VLOOKUP(A:A,SUMMERY!AA:AC,3,FALSE) -> Priority-1
A211: T-00024-2125 | B211: PS5-60-IE-0003A-CD04 | G211: CPX10 - Multicore Electrical Control Cable | H211: PCOM - Precommissioning | I211: E | J211: Conformity Check | K211: E - Electrical | L211: Cable FROM PS5-60-BI-0005A TO PS5-60-IE-0003A | M211: EACOP | N211: CPP AGI | Q211: 4 | T211: TZ-MID-68-WPR2-150101 | U211: PS5 - TZA - PS5 - Tanzania | V211: PS5-60-01 - Power Generation Package A | X211: PS5-60-01 | AA211: Multicore Electrical Control Cable | AB211: E | AC211: To be completed | AD211: PS5 - Milestone B | AE211: =VLOOKUP(A:A,SUMMERY!AA:AC,2,FALSE) -> 46220 | AF211: =VLOOKUP(A:A,SUMMERY!AA:AC,3,FALSE) -> Priority-1
A212: T-00024-2126 | B212: PS5-60-IE-0003A-CD05 | G212: CPX10 - Multicore Electrical Control Cable | H212: PCOM - Precommissioning | I212: E | J212: Conformity Check | K212: E - Electrical | L212: Cable FROM PS5-60-BI-0015A TO PS5-60-IE-0003A | M212: EACOP | N212: CPP AGI | Q212: 4 | T212: TZ-MID-68-WPR2-150101 | U212: PS5 - TZA - PS5 - Tanzania | V212: PS5-60-01 - Power Generation Package A | X212: PS5-60-01 | AA212: Multicore Electrical Control Cable | AB212: E | AC212: To be completed | AD212: PS5 - Milestone B | AE212: =VLOOKUP(A:A,SUMMERY!AA:AC,2,FALSE) -> 46220 | AF212: =VLOOKUP(A:A,SUMMERY!AA:AC,3,FALSE) -> Priority-1
A213: T-00024-2135 | B213: PS5-60-IE-0003A-CD14 | G213: CPX10 - Multicore Electrical Control Cable | H213: PCOM - Precommissioning | I213: E | J213: Conformity Check | K213: E - Electrical | L213: Cable FROM PS5-60-IE-0002A TO PS5-60-IE-0003A | M213: EACOP | N213: CPP AGI | Q213: 4 | T213: TZ-MID-68-WPR2-150101 | U213: PS5 - TZA - PS5 - Tanzania | V213: PS5-60-01 - Power Generation Package A | X213: PS5-60-01 | AA213: Multicore Electrical Control Cable | AB213: E | AC213: To be completed | AD213: PS5 - Milestone B | AE213: =VLOOKUP(A:A,SUMMERY!AA:AC,2,FALSE) -> 46220 | AF213: =VLOOKUP(A:A,SUMMERY!AA:AC,3,FALSE) -> Priority-1
A214: T-00024-2136 | B214: PS5-60-IE-0003A-CD15 | G214: CPX10 - Multicore Electrical Control Cable | H214: PCOM - Precommissioning | I214: E | J214: Conformity Check | K214: E - Electrical | L214: Cable FROM PS5-60-IE-0004 TO PS5-60-IE-0003A | M214: EACOP | N214: CPP AGI | Q214: 4 | T214: TZ-MID-68-WPR2-150101 | U214: PS5 - TZA - PS5 - Tanzania | V214: PS5-60-01 - Power Generation Package A | X214: PS5-60-01 | AA214: Multicore Electrical Control Cable | AB214: E | AC214: To be completed | AD214: PS5 - Milestone B | AE214: =VLOOKUP(A:A,SUMMERY!AA:AC,2,FALSE) -> 46220 | AF214: =VLOOKUP(A:A,SUMMERY!AA:AC,3,FALSE) -> Priority-1
... A220: T-00024-2151 | B220: PS5-60-IE-0003B-CD15 | G220: CPX10 - Multicore Electrical Control Cable | H220: PCOM - Precommissioning | I220: E | J220: Conformity Check | K220: E - Electrical | L220: Cable FROM PS5-60-IE-0004 TO PS5-60-IE-0003B | M220: EACOP | N220: CPP AGI | Q220: 4 | T220: TZ-MID-68-WPR2-150101 | U220: PS5 - TZA - PS5 - Tanzania | V220: PS5-60-04 - Power Generation Package B | X220: PS5-60-04 | AA220: Multicore Electrical Control Cable | AB220: E | AC220: To be completed | AD220: PS5 - Milestone B | AE220: =VLOOKUP(A:A,SUMMERY!AA:AC,2,FALSE) -> 46233 | AF220: =VLOOKUP(A:A,SUMMERY!AA:AC,3,FALSE) -> Priority-1
A221: T-00034-0059 | B221: PS5-60-IJ-0001A | G221: CPX21 - Neutral Earthing Resistor | H221: PCOM - Precommissioning | I221: E | J221: Conformity Check | K221: E - Electrical | L221: Neutral Grounding resistor for Generator set 1 (A) | M221: EACOP | N221: CPP AGI | Q221: 8 | U221: PS5 - TZA - PS5 - Tanzania | V221: PS5-60-01 - Power Generation Package A | X221: PS5-60-01 | AA221: Neutral Earthing Resistor | AB221: E | AC221: To be completed | AD221: PS5 - Milestone B | AE221: =VLOOKUP(A:A,SUMMERY!AA:AC,2,FALSE) -> 46220 | AF221: =VLOOKUP(A:A,SUMMERY!AA:AC,3,FALSE) -> Priority-1
A222: T-00034-0060 | B222: PS5-60-IJ-0001B | G222: CPX21 - Neutral Earthing Resistor | H222: PCOM - Precommissioning | I222: E | J222: Conformity Check | K222: E - Electrical | L222: Neutral Grounding resistor for Generator set 2 (B) | M222: EACOP | N222: CPP AGI | Q222: 8 | U222: PS5 - TZA - PS5 - Tanzania | V222: PS5-60-04 - Power Generation Package B | X222: PS5-60-04 | AA222: Neutral Earthing Resistor | AB222: E | AC222: To be completed | AD222: PS5 - Milestone B | AE222: =VLOOKUP(A:A,SUMMERY!AA:AC,2,FALSE) -> 46233 | AF222: =VLOOKUP(A:A,SUMMERY!AA:AC,3,FALSE) -> Priority-1
A223: T-00039-0295 | B223: PS5 - POWER DISTRIBUTION AREA_Earthing | G223: CPX26 - Earthing system | H223: PCOM - Precommissioning | I223: E | J223: Conformity Check | K223: E - Electrical | L223: Earthing | M223: EACOP | N223: CPP AGI | Q223: 10 | S223: 10 | T223: TZ-MID-68-WPR2-151148 | U223: PS5 - TZA - PS5 - Tanzania | V223: PS5-63-01 - Electrical Earthing | X223: PS5-63-01 | AA223: Earthing System | AB223: E | AC223: Submitted | AD223: PS5 - Milestone A | AE223: =VLOOKUP(A:A,SUMMERY!AA:AC,2,FALSE) -> 46223 | AF223: =VLOOKUP(A:A,SUMMERY!AA:AC,3,FALSE) -> Priority-1
A224: T-00039-0296 | B224: PS5 - POWER GENERATION BUILDING AREA_Earthing | G224: CPX26 - Earthing system | H224: PCOM - Precommissioning | I224: E | J224: Conformity Check | K224: E - Electrical | L224: Earthing | M224: EACOP | N224: CPP AGI | Q224: 10 | T224: TZ-MID-68-WPR2-151152 | U224: PS5 - TZA - PS5 - Tanzania | V224: PS5-63-01 - Electrical Earthing | X224: PS5-63-01 | AA224: Earthing System | AB224: E | AC224: Submitted | AD224: PS5 - Milestone A | AE224: =VLOOKUP(A:A,SUMMERY!AA:AC,2,FALSE) -> 46223 | AF224: =VLOOKUP(A:A,SUMMERY!AA:AC,3,FALSE) -> Priority-1
A225: T-00039-0297 | B225: PS5 - POWER GENERATION COOLING TOWER AREA_Earthing | G225: CPX26 - Earthing system | H225: PCOM - Precommissioning | I225: E | J225: Conformity Check | K225: E - Electrical | L225: Earthing | M225: EACOP | N225: CPP AGI | Q225: 10 | T225: TZ-MID-68-WPR2-151154 | U225: PS5 - TZA - PS5 - Tanzania | V225: PS5-63-01 - Electrical Earthing | X225: PS5-63-01 | AA225: Earthing System | AB225: E | AC225: Submitted | AD225: PS5 - Milestone A | AE225: =VLOOKUP(A:A,SUMMERY!AA:AC,2,FALSE) -> 46223 | AF225: =VLOOKUP(A:A,SUMMERY!AA:AC,3,FALSE) -> Priority-1
A226: T-00039-0309 | B226: PS5-84-OB-0005_Earthing | G226: CPX26 - Earthing system | H226: PCOM - Precommissioning | I226: E | J226: Conformity Check | K226: E - Electrical | L226: Earthing for Generator Electrical Building | M226: EACOP | N226: CPP AGI | Q226: 10 | T226: TZ-MID-68-WPR2-151181 | U226: PS5 - TZA - PS5 - Tanzania | V226: PS5-63-03 - Electrical Earthing - Generator Building | X226: PS5-63-03 | AA226: Earthing System | AB226: E | AC226: To be completed | AD226: PS5 - Milestone B | AE226: =VLOOKUP(A:A,SUMMERY!AA:AC,2,FALSE) -> 46194 | AF226: =VLOOKUP(A:A,SUMMERY!AA:AC,3,FALSE) -> Priority-1
A227: T-00044-0090 | B227: PS5-60-IE-0003A | G227: CPX32 - Console / control panel | H227: PCOM - Precommissioning | I227: E | J227: Conformity Check | K227: E - Electrical | L227: GCP G-1 (A) | M227: EACOP | N227: CPP AGI | Q227: 6 | U227: PS5 - TZA - PS5 - Tanzania | V227: PS5-60-02 - Power Gen Package A (UCP) | X227: PS5-60-02 | AA227: Console / Control Panel | AB227: E | AC227: To be completed | AD227: PS5 - Milestone B | AE227: =VLOOKUP(A:A,SUMMERY!AA:AC,2,FALSE) -> 46220 | AF227: =VLOOKUP(A:A,SUMMERY!AA:AC,3,FALSE) -> Priority-1
A228: T-00044-0091 | B228: PS5-60-IE-0003B | G228: CPX32 - Console / control panel | H228: PCOM - Precommissioning | I228: E | J228: Conformity Check | K228: E - Electrical | L228: GCP G-2 (B) | M228: EACOP | N228: CPP AGI | Q228: 6 | U228: PS5 - TZA - PS5 - Tanzania | V228: PS5-60-05 - Power Gen Package B (UCP) | X228: PS5-60-05 | AA228: Console / Control Panel | AB228: E | AC228: To be completed | AD228: PS5 - Milestone B | AE228: =VLOOKUP(A:A,SUMMERY!AA:AC,2,FALSE) -> 46233 | AF228: =VLOOKUP(A:A,SUMMERY!AA:AC,3,FALSE) -> Priority-1
A229: T-00044-0097 | B229: PS5-60-IE-0004 | G229: CPX32 - Console / control panel | H229: PCOM - Precommissioning | I229: E | J229: Conformity Check | K229: E - Electrical | L229: MCP- MASTER CONTROL PANEL | M229: EACOP | N229: CPP AGI | Q229: 6 | U229: PS5 - TZA - PS5 - Tanzania | V229: PS5-60-22 - Power Gen Master UCP | X229: PS5-60-22 | AA229: Console / Control Panel | AB229: E | AC229: To be completed | AD229: PS5 - Milestone B | AE229: =VLOOKUP(A:A,SUMMERY!AA:AC,2,FALSE) -> 46233 | AF229: =VLOOKUP(A:A,SUMMERY!AA:AC,3,FALSE) -> Priority-1
A230: T-00044-0098 | B230: PS5-60-IH-0001A | G230: CPX32 - Console / control panel | H230: PCOM - Precommissioning | I230: E | J230: Conformity Check | K230: E - Electrical | L230: GENSET MCC -1 - G1 (A) | M230: EACOP | N230: CPP AGI | Q230: 6 | U230: PS5 - TZA - PS5 - Tanzania | V230: PS5-60-03 - Power Gen Package A Generator Auxiliary MCCs & DBs | X230: PS5-60-03 | AA230: Console / Control Panel | AB230: E | AC230: To be completed | AD230: PS5 - Milestone B | AE230: =VLOOKUP(A:A,SUMMERY!AA:AC,2,FALSE) -> 46220 | AF230: =VLOOKUP(A:A,SUMMERY!AA:AC,3,FALSE) -> Priority-1
A231: T-00044-0099 | B231: PS5-60-IH-0001B | G231: CPX32 - Console / control panel | H231: PCOM - Precommissioning | I231: E | J231: Conformity Check | K231: E - Electrical | L231: GENSET MCC -2 - G2 (B) | M231: EACOP | N231: CPP AGI | Q231: 6 | U231: PS5 - TZA - PS5 - Tanzania | V231: PS5-60-06 - Power Gen Package B Generator Auxiliary MCCs & DBs | X231: PS5-60-06 | AA231: Console / Control Panel | AB231: E | AC231: To be completed | AD231: PS5 - Milestone B | AE231: =VLOOKUP(A:A,SUMMERY!AA:AC,2,FALSE) -> 46233 | AF231: =VLOOKUP(A:A,SUMMERY!AA:AC,3,FALSE) -> Priority-1
A232: T-00044-0105 | B232: PS5-60-IH-0002 | G232: CPX32 - Console / control panel | H232: PCOM - Precommissioning | I232: E | J232: Conformity Check | K232: E - Electrical | L232: COMMON / TREATMENT MCC | M232: EACOP | N232: CPP AGI | Q232: 6 | U232: PS5 - TZA - PS5 - Tanzania | V232: PS5-60-22 - Power Gen Master UCP | X232: PS5-60-22 | AA232: Console / Control Panel | AB232: E | AC232: To be completed | AD232: PS5 - Milestone B | AE232: =VLOOKUP(A:A,SUMMERY!AA:AC,2,FALSE) -> 46233 | AF232: =VLOOKUP(A:A,SUMMERY!AA:AC,3,FALSE) -> Priority-1
A233: T-00044-0106 | B233: PS5-60-IE-0002A | G233: CPX32 - Console / control panel | H233: PCOM - Precommissioning | I233: E | J233: Conformity Check | K233: E - Electrical | L233: LOCAL DISPLAY PANEL LDP GENERATOR SET | M233: EACOP | N233: CPP AGI | Q233: 6 | U233: PS5 - TZA - PS5 - Tanzania | V233: PS5-60-01 - Power Generation Package A | X233: PS5-60-01 | AA233: Console / Control Panel | AB233: E | AC233: To be completed | AD233: PS5 - Milestone B | AE233: =VLOOKUP(A:A,SUMMERY!AA:AC,2,FALSE) -> 46220 | AF233: =VLOOKUP(A:A,SUMMERY!AA:AC,3,FALSE) -> Priority-1
A234: T-00044-0107 | B234: PS5-60-IE-0002B | G234: CPX32 - Console / control panel | H234: PCOM - Precommissioning | I234: E | J234: Conformity Check | K234: E - Electrical | L234: LOCAL DISPLAY PANEL LDP GENERATOR SET | M234: EACOP | N234: CPP AGI | Q234: 6 | U234: PS5 - TZA - PS5 - Tanzania | V234: PS5-60-04 - Power Generation Package B | X234: PS5-60-04 | AA234: Console / Control Panel | AB234: E | AC234: To be completed | AD234: PS5 - Milestone B | AE234: =VLOOKUP(A:A,SUMMERY!AA:AC,2,FALSE) -> 46233 | AF234: =VLOOKUP(A:A,SUMMERY!AA:AC,3,FALSE) -> Priority-1
A235: T-00044-0185 | B235: PS5-60-IN-0002A | G235: CPX32 - Console / control panel | H235: PCOM - Precommissioning | I235: E | J235: Conformity Check | K235: E - Electrical | L235: Fuel Conditioning Unit Control Panel - Generator Set-1 (A) | M235: EACOP | N235: CPP AGI | Q235: 6 | U235: PS5 - TZA - PS5 - Tanzania | V235: PS5-60-57 - Fuel Conditioning Module PS5-60-UZ-8900A (UCP) | X235: PS5-60-57 | AA235: Console / Control Panel | AB235: E | AC235: To be completed | AD235: PS5 - Milestone B | AE235: =VLOOKUP(A:A,SUMMERY!AA:AC,2,FALSE) -> 46220 | AF235: =VLOOKUP(A:A,SUMMERY!AA:AC,3,FALSE) -> Priority-1
A236: T-00044-0186 | B236: PS5-60-IN-0002B | G236: CPX32 - Console / control panel | H236: PCOM - Precommissioning | I236: E | J236: Conformity Check | K236: E - Electrical | L236: Fuel Conditioning Unit Control Panel - Generator Set-2 (B) | M236: EACOP | N236: CPP AGI | Q236: 6 | U236: PS5 - TZA - PS5 - Tanzania | V236: PS5-60-59 - Fuel Conditioning Module PS5-60-UZ-8900B (UCP) | X236: PS5-60-59 | AA236: Console / Control Panel | AB236: E | AC236: To be completed | AD236: PS5 - Milestone B | AE236: =VLOOKUP(A:A,SUMMERY!AA:AC,2,FALSE) -> 46234 | AF236: =VLOOKUP(A:A,SUMMERY!AA:AC,3,FALSE) -> Priority-1
A237: T-00044-0198 | B237: PS5-71-IN-0002 | G237: CPX32 - Console / control panel | H237: PCOM - Precommissioning | I237: E | J237: Conformity Check | K237: E - Electrical | L237: CRO-PRE PRESSURECONTROL PANEL | M237: EACOP | N237: CPP AGI | Q237: 6 | U237: PS5 - TZA - PS5 - Tanzania | V237: PS5-71-09 - CFO Pre-Pressure Modules (UCP) | X237: PS5-71-09 | AA237: Console / Control Panel | AB237: E | AC237: To be completed | AD237: PS5 - Milestone H | AE237: =VLOOKUP(A:A,SUMMERY!AA:AC,2,FALSE) -> 46234 | AF237: =VLOOKUP(A:A,SUMMERY!AA:AC,3,FALSE) -> Priority-2
A238: T-00044-0199 | B238: PS5-71-IN-0003 | G238: CPX32 - Console / control panel | H238: PCOM - Precommissioning | I238: E | J238: Conformity Check | K238: E - Electrical | L238: DFO- PRE PRESSURE CONTROL PANEL | M238: EACOP | N238: CPP AGI | Q238: 6 | U238: PS5 - TZA - PS5 - Tanzania | V238: PS5-71-23 - Diesel Fuel Pre Pressure Module (UCP) | X238: PS5-71-23 | AA238: Console / Control Panel | AB238: E | AC238: To be completed | AD238: PS5 - Milestone B | AE238: =VLOOKUP(A:A,SUMMERY!AA:AC,2,FALSE) -> 46224 | AF238: =VLOOKUP(A:A,SUMMERY!AA:AC,3,FALSE) -> Priority-1
A239: T-00046-0291 | B239: PS5-60-UR-8100A | G239: CZX01E - Package | H239: PCOM - Precommissioning | I239: E | J239: Conformity Check | K239: E - Electrical | L239: POWER GENERATION PACKAGE A | M239: EACOP | N239: CPP AGI | Q239: 20 | T239: TZ-MID-68-WPR2-135100 | U239: PS5 - TZA - PS5 - Tanzania | V239: PS5-60-01 - Power Generation Package A | X239: PS5-60-01 | AA239: Package | AB239: M | AC239: To be completed | AD239: PS5 - Milestone B | AE239: =VLOOKUP(A:A,SUMMERY!AA:AC,2,FALSE) -> 46220 | AF239: =VLOOKUP(A:A,SUMMERY!AA:AC,3,FALSE) -> Priority-1
A240: T-00046-0292 | B240: PS5-60-UR-8100B | G240: CZX01E - Package | H240: PCOM - Precommissioning | I240: E | J240: Conformity Check | K240: E - Electrical | L240: POWER GENERATION PACKAGE B | M240: EACOP | N240: CPP AGI | Q240: 20 | T240: TZ-MID-68-WPR2-135103 | U240: PS5 - TZA - PS5 - Tanzania | V240: PS5-60-04 - Power Generation Package B | X240: PS5-60-04 | AA240: Package | AB240: M | AC240: To be completed | AD240: PS5 - Milestone B | AE240: =VLOOKUP(A:A,SUMMERY!AA:AC,2,FALSE) -> 46233 | AF240: =VLOOKUP(A:A,SUMMERY!AA:AC,3,FALSE) -> Priority-1
A241: T-00046-0300 | B241: PS5-60-UA-5100 | G241: CZX01E - Package | H241: PCOM - Precommissioning | I241: E | J241: Conformity Check | K241: E - Electrical | L241: COMPRESSOR AIR STARTING SKID | M241: EACOP | N241: CPP AGI | Q241: 20 | T241: TZ-MID-68-WPR2-135128 | U241: PS5 - TZA - PS5 - Tanzania | V241: PS5-60-27 - Compressed Air Starting Skid | X241: PS5-60-27 | AA241: Package | AB241: M | AC241: To be completed | AD241: PS5 - Milestone B | AE241: =VLOOKUP(A:A,SUMMERY!AA:AC,2,FALSE) -> 46220 | AF241: =VLOOKUP(A:A,SUMMERY!AA:AC,3,FALSE) -> Priority-1
A242: T-00046-0301 | B242: PS5-60-UO-81100A | G242: CZX01E - Package | H242: PCOM - Precommissioning | I242: E | J242: Conformity Check | K242: E - Electrical | L242: LUBE OIL SEPARATOR MODULE | M242: EACOP | N242: CPP AGI | Q242: 20 | T242: TZ-MID-68-WPR2-135124 | U242: PS5 - TZA - PS5 - Tanzania | V242: PS5-60-49 - Lube Oil Separator Module PS5-60-UO-81100A | X242: PS5-60-49 | AA242: Package | AB242: M | AC242: To be completed | AD242: PS5 - Milestone B | AE242: =VLOOKUP(A:A,SUMMERY!AA:AC,2,FALSE) -> 46233 | AF242: =VLOOKUP(A:A,SUMMERY!AA:AC,3,FALSE) -> Priority-1
A243: T-00046-0302 | B243: PS5-60-UO-81100B | G243: CZX01E - Package | H243: PCOM - Precommissioning | I243: E | J243: Conformity Check | K243: E - Electrical | L243: LUBE OIL SEPARATOR MODULE | M243: EACOP | N243: CPP AGI | Q243: 20 | T243: TZ-MID-68-WPR2-135124 | U243: PS5 - TZA - PS5 - Tanzania | V243: PS5-60-50 - Lube Oil Separator Module PS5-60-UO-81100B | X243: PS5-60-50 | AA243: Package | AB243: M | AC243: To be completed | AD243: PS5 - Milestone B | AE243: =VLOOKUP(A:A,SUMMERY!AA:AC,2,FALSE) -> 46233 | AF243: =VLOOKUP(A:A,SUMMERY!AA:AC,3,FALSE) -> Priority-1
A244: T-00046-0308 | B244: PS5-60-UZ-8200A | G244: CZX01E - Package | H244: PCOM - Precommissioning | I244: E | J244: Conformity Check | K244: E - Electrical | L244: INJECTOR TIP COOLING MODULE | M244: EACOP | N244: CPP AGI | Q244: 20 | T244: TZ-MID-68-WPR2-135129 | U244: PS5 - TZA - PS5 - Tanzania | V244: PS5-60-35 - Injector Tip Cooling Module A | X244: PS5-60-35 | AA244: Package | AB244: M | AC244: To be completed | AD244: PS5 - Milestone B | AE244: =VLOOKUP(A:A,SUMMERY!AA:AC,2,FALSE) -> 46220 | AF244: =VLOOKUP(A:A,SUMMERY!AA:AC,3,FALSE) -> Priority-1
A245: T-00046-0309 | B245: PS5-60-UZ-8200B | G245: CZX01E - Package | H245: PCOM - Precommissioning | I245: E | J245: Conformity Check | K245: E - Electrical | L245: INJECTOR TIP COOLING MODULE | M245: EACOP | N245: CPP AGI | Q245: 20 | T245: TZ-MID-68-WPR2-135129 | U245: PS5 - TZA - PS5 - Tanzania | V245: PS5-60-36 - Injector Tip Cooling Module B | X245: PS5-60-36 | AA245: Package | AB245: M | AC245: To be completed | AD245: PS5 - Milestone B | AE245: =VLOOKUP(A:A,SUMMERY!AA:AC,2,FALSE) -> 46220 | AF245: =VLOOKUP(A:A,SUMMERY!AA:AC,3,FALSE) -> Priority-1
A246: T-00046-0314 | B246: PS5-60-VS-9100A | G246: CZX01E - Package | H246: PCOM - Precommissioning | I246: E | J246: Conformity Check | K246: E - Electrical | L246: OIL MIST SEPARATOR SKID | M246: EACOP | N246: CPP AGI | Q246: 20 | T246: TZ-MID-68-WPR2-135130 | U246: PS5 - TZA - PS5 - Tanzania | V246: PS5-60-42 - Oil Mist Separator Skid PS5-60-VS-9100A | X246: PS5-60-42 | AA246: Package | AB246: M | AC246: To be completed | AD246: PS5 - Milestone B | AE246: =VLOOKUP(A:A,SUMMERY!AA:AC,2,FALSE) -> 46220 | AF246: =VLOOKUP(A:A,SUMMERY!AA:AC,3,FALSE) -> Priority-1
A247: T-00046-0315 | B247: PS5-60-VS-9100B | G247: CZX01E - Package | H247: PCOM - Precommissioning | I247: E | J247: Conformity Check | K247: E - Electrical | L247: OIL MIST SEPARATOR SKID | M247: EACOP | N247: CPP AGI | Q247: 20 | T247: TZ-MID-68-WPR2-135130 | U247: PS5 - TZA - PS5 - Tanzania | V247: PS5-60-43 - Oil Mist Separator Skid PS5-60-VS-9100B | X247: PS5-60-43 | AA247: Package | AB247: M | AC247: To be completed | AD247: PS5 - Milestone B | AE247: =VLOOKUP(A:A,SUMMERY!AA:AC,2,FALSE) -> 46220 | AF247: =VLOOKUP(A:A,SUMMERY!AA:AC,3,FALSE) -> Priority-1
A248: T-00046-0322 | B248: PS5-71-UZ-6800A | G248: CZX01E - Package | H248: PCOM - Precommissioning | I248: E | J248: Conformity Check | K248: E - Electrical | L248: CRUDE FUEL SEPARATOR MODULE A | M248: EACOP | N248: CPP AGI | Q248: 20 | T248: TZ-MID-68-WPR2-135002 | U248: PS5 - TZA - PS5 - Tanzania | V248: PS5-71-06 - Crude Fuel Separation Module | X248: PS5-71-06 | AA248: Package | AB248: M | AC248: To be completed | AD248: PS5 - Milestone H | AE248: =VLOOKUP(A:A,SUMMERY!AA:AC,2,FALSE) -> 46234 | AF248: =VLOOKUP(A:A,SUMMERY!AA:AC,3,FALSE) -> Priority-2
A249: T-00046-0323 | B249: PS5-71-UZ-6800B | G249: CZX01E - Package | H249: PCOM - Precommissioning | I249: E | J249: Conformity Check | K249: E - Electrical | L249: CRUDE FUEL SEPARATOR MODULE B | M249: EACOP | N249: CPP AGI | Q249: 20 | T249: TZ-MID-68-WPR2-135002 | U249: PS5 - TZA - PS5 - Tanzania | V249: PS5-71-06 - Crude Fuel Separation Module | X249: PS5-71-06 | AA249: Package | AB249: M | AC249: To be completed | AD249: PS5 - Milestone H | AE249: =VLOOKUP(A:A,SUMMERY!AA:AC,2,FALSE) -> 46234 | AF249: =VLOOKUP(A:A,SUMMERY!AA:AC,3,FALSE) -> Priority-2
A250: T-00046-0327 | B250: PS5-60-EA-2100A | G250: CZX01E - Package | H250: PCOM - Precommissioning | I250: E | J250: Conformity Check | K250: E - Electrical | L250: POWER GENERATION ENGINE RADIATOR | M250: EACOP | N250: CPP AGI | Q250: 20 | T250: TZ-MID-68-WPR2-135122 | U250: PS5 - TZA - PS5 - Tanzania | V250: PS5-60-70 - Engine A Cooling system | X250: PS5-60-70 | AA250: Package | AB250: M | AC250: To be completed | AD250: PS5 - Milestone B | AE250: =VLOOKUP(A:A,SUMMERY!AA:AC,2,FALSE) -> 46220 | AF250: =VLOOKUP(A:A,SUMMERY!AA:AC,3,FALSE) -> Priority-1
... A274: T-00046-0553 | B274: PS5-60-UR-8300B | G274: CZX01E - Package | H274: PCOM - Precommissioning | I274: E | J274: Conformity Check | K274: E - Electrical | L274: POWER GENERATION - Cooler Module | M274: EACOP | N274: CPP AGI | Q274: 20 | T274: TZ-MID-68-WPR2-135129 | U274: PS5 - TZA - PS5 - Tanzania | V274: PS5-60-36 - Injector Tip Cooling Module B | X274: PS5-60-36 | AA274: Package | AB274: M | AC274: To be completed | AD274: PS5 - Milestone B | AE274: =VLOOKUP(A:A,SUMMERY!AA:AC,2,FALSE) -> 46220 | AF274: =VLOOKUP(A:A,SUMMERY!AA:AC,3,FALSE) -> Priority-1
A275: T-00069-12948 | B275: PS5-60-BI-0001A-CC02 | G275: CJX10 - Multi/Single-core instrument control cable | H275: PCOM - Precommissioning | I275: I | J275: Conformity Check | K275: I - Instrumentation | L275: Cable FROM PS5-60-IE-0001A TO PS5-60-BI-0001A | M275: EACOP | N275: CPP AGI | Q275: 4 | S275: 4 | U275: PS5 - TZA - PS5 - Tanzania | V275: PS5-60-01 - Power Generation Package A | X275: PS5-60-01 | AA275: Multi/Single-Core Instrument Control Cable | AB275: I | AC275: To be completed | AD275: PS5 - Milestone B | AE275: =VLOOKUP(A:A,SUMMERY!AA:AC,2,FALSE) -> 46220 | AF275: =VLOOKUP(A:A,SUMMERY!AA:AC,3,FALSE) -> Priority-1
A276: T-00069-12949 | B276: PS5-60-BI-0001B-CC02 | G276: CJX10 - Multi/Single-core instrument control cable | H276: PCOM - Precommissioning | I276: I | J276: Conformity Check | K276: I - Instrumentation | L276: Cable FROM PS5-60-IE-0001B TO PS5-60-BI-0001B | M276: EACOP | N276: CPP AGI | Q276: 4 | S276: 4 | U276: PS5 - TZA - PS5 - Tanzania | V276: PS5-60-04 - Power Generation Package B | X276: PS5-60-04 | AA276: Multi/Single-Core Instrument Control Cable | AB276: I | AC276: To be completed | AD276: PS5 - Milestone B | AE276: =VLOOKUP(A:A,SUMMERY!AA:AC,2,FALSE) -> 46233 | AF276: =VLOOKUP(A:A,SUMMERY!AA:AC,3,FALSE) -> Priority-1
A277: T-00069-12955 | B277: PS5-60-BI-0003-CC03 | G277: CJX10 - Multi/Single-core instrument control cable | H277: PCOM - Precommissioning | I277: I | J277: Conformity Check | K277: I - Instrumentation | L277: Cable FROM PS5-60-IE-0004 TO PS5-60-BI-0003 | M277: EACOP | N277: CPP AGI | Q277: 4 | S277: 4 | U277: PS5 - TZA - PS5 - Tanzania | V277: PS5-60-22 - Power Gen Master UCP | X277: PS5-60-22 | AA277: Multi/Single-Core Instrument Control Cable | AB277: I | AC277: To be completed | AD277: PS5 - Milestone B | AE277: =VLOOKUP(A:A,SUMMERY!AA:AC,2,FALSE) -> 46233 | AF277: =VLOOKUP(A:A,SUMMERY!AA:AC,3,FALSE) -> Priority-1
...

Sheet SUMMERY
A1: PRIORITY 1 & PRIORITY 2 | I1: PRIORITY 1 & PRIORITY 2 | AA1: TASK ID | AB1: RFC | AC1: P-1,2,3
A2: DATES | B2: EIT MONTHLY PLAN | E2: MECH & PIPING MONTHLY PLAN | I2: Discipline | J2: Total | K2: Closed | L2: % | M2: Open | AA2: T-00018-0192 | AB2: 46220 | AC2: Priority-1
B3: PLAN | C3: ACTUAL | D3: BACKLOG | E3: PLAN | F3: ACTUAL | G3: BACKLOG | AA3: T-00018-0193 | AB3: 46233 | AC3: Priority-1
A4: 46204 | B4: 34 | C4: 35 | D4: -1 | E4: 4 | F4: 0 | G4: 4 | I4: CPP | AA4: T-00022-3334 | AB4: 46220 | AC4: Priority-1
A5: 46205 | B5: 33 | C5: 0 | D5: 33 | E5: 9 | F5: 4 | G5: 5 | I5: Mechanical | J5: 65 | K5: 65 | L5: =K5/J5 -> 1 | M5: =J5-K5 -> 0 | AA5: T-00022-3335 | AB5: 46233 | AC5: Priority-1
A6: 46206 | B6: 66 | C6: 3 | D6: 63 | E6: 10 | F6: 0 | G6: 10 | I6: Piping & Vessel | J6: 350 | K6: 212 | L6: =K6/J6 -> 0.60571429 | M6: =J6-K6 -> 138 | AA6: T-00022-3377 | AB6: 46220 | AC6: Priority-1
A7: 46207 | B7: 96 | E7: 15 | I7: Total | J7: =SUM(J5:J6) -> 415 | K7: =SUM(K5:K6) -> 277 | L7: =K7/J7 -> 0.66746988 | M7: =SUM(M5:M6) -> 138 | AA7: T-00022-3378 | AB7: 46220 | AC7: Priority-1
A8: 46208 | B8: 33 | E8: 5 | I8: EIT | AA8: T-00022-3379 | AB8: 46220 | AC8: Priority-1
A9: 46209 | B9: 33 | E9: 5 | I9: Electrical | J9: 521 | K9: 183 | L9: =K9/J9 -> 0.3512476 | M9: =J9-K9 -> 338 | AA9: T-00022-3380 | AB9: 46233 | AC9: Priority-1
A10: 46210 | B10: 33 | E10: 5 | I10: Instrumentation | J10: 671 | K10: 78 | L10: =K10/J10 -> 0.11624441 | M10: =J10-K10 -> 593 | AA10: T-00022-3381 | AB10: 46233 | AC10: Priority-1
A11: 46211 | B11: 33 | E11: 5 | I11: Telecom | J11: 56 | K11: 0 | L11: =K11/J11 -> 0 | M11: =J11-K11 -> 56 | AA11: T-00022-3382 | AB11: 46233 | AC11: Priority-1
A12: 46212 | B12: 33 | E12: 5 | I12: Total | J12: =SUM(J9:J11) -> 1248 | K12: =SUM(K9:K11) -> 261 | L12: =K12/J12 -> 0.20913462 | M12: =SUM(M9:M11) -> 987 | AA12: T-00022-3410 | AB12: 46220 | AC12: Priority-1
A13: 46213 | B13: 33 | E13: 5 | I13: Grand Total | J13: =J7+J12 -> 1663 | K13: =K7+K12 -> 538 | L13: =K13/J13 -> 0.32351173 | M13: =M7+M12 -> 1125 | AA13: T-00022-3411 | AB13: 46220 | AC13: Priority-1
A14: 46214 | B14: 33 | E14: 4 | AA14: T-00022-3412 | AB14: 46220 | AC14: Priority-1
A15: 46215 | B15: 33 | E15: 5 | AA15: T-00022-3413 | AB15: 46233 | AC15: Priority-1
A16: 46216 | B16: 33 | E16: 4 | I16: PRIORITY 1 | AA16: T-00022-3414 | AB16: 46233 | AC16: Priority-1
A17: 46217 | B17: 33 | E17: 5 | I17: DISCIPILINE | J17: TOTAL TASK IDs | K17: TOTAL CLOSED | L17: BALANCE | M17: % | AA17: T-00022-3415 | AB17: 46233 | AC17: Priority-1
A18: 46218 | B18: 33 | E18: 4 | I18: EIT | J18: 1135 | K18: 254 | L18: =J18-K18 -> 881 | M18: =K18/J18 -> 0.22378855 | AA18: T-00023-10536 | AB18: 46220 | AC18: Priority-1
A19: 46219 | B19: 33 | E19: 5 | I19: PIPING ANG MECH | J19: 374 | K19: 250 | L19: =J19-K19 -> 124 | M19: =K19/J19 -> 0.6684492 | AA19: T-00023-10537 | AB19: 46234 | AC19: Priority-1
A20: 46220 | B20: 33 | E20: 4 | AA20: T-00023-10593 | AB20: 46220 | AC20: Priority-1
A21: 46221 | B21: 33 | E21: 5 | I21: PRIORITY 2 | AA21: T-00023-10594 | AB21: 46233 | AC21: Priority-1
A22: 46222 | B22: 33 | E22: 4 | I22: DISCIPILINE | J22: TOTAL TASK IDs | K22: TOTAL CLOSED | L22: BALANCE | M22: % | AA22: T-00023-10600 | AB22: 46233 | AC22: Priority-1
A23: 46223 | B23: 33 | E23: 5 | I23: EIT | J23: 113 | K23: 7 | L23: =J23-K23 -> 106 | M23: =K23/J23 -> 0.061946903 | AA23: T-00023-10601 | AB23: 46233 | AC23: Priority-1
A24: 46224 | B24: 33 | E24: 4 | I24: PIPING ANG MECH | J24: 41 | K24: 27 | L24: =J24-K24 -> 14 | M24: =K24/J24 -> 0.65853659 | AA24: T-00023-10887 | AB24: 46233 | AC24: Priority-1
A25: 46225 | B25: 33 | E25: 5 | AA25: T-00023-10888 | AB25: 46233 | AC25: Priority-1
A26: 46226 | B26: 33 | E26: 4 | AA26: T-00023-10889 | AB26: 46234 | AC26: Priority-1
A27: 46227 | B27: 33 | E27: 5 | AA27: T-00023-10890 | AB27: 46234 | AC27: Priority-1
A28: 46228 | B28: 33 | E28: 4 | AA28: T-00023-10901 | AB28: 46220 | AC28: Priority-1
A29: 46229 | B29: 33 | E29: 5 | AA29: T-00023-4978 | AB29: 46220 | AC29: Priority-1
A30: 46230 | B30: 33 | E30: 5 | AA30: T-00023-4979 | AB30: 46220 | AC30: Priority-1
A31: 46231 | B31: 33 | E31: 5 | AA31: T-00023-4981 | AB31: 46220 | AC31: Priority-1
A32: 46232 | B32: 33 | E32: 5 | AA32: T-00023-4982 | AB32: 46220 | AC32: Priority-1
A33: 46233 | B33: 33 | E33: 5 | AA33: T-00023-4983 | AB33: 46220 | AC33: Priority-1
A34: 46234 | B34: 33 | E34: 5 | AA34: T-00023-4984 | AB34: 46220 | AC34: Priority-1
A35: TOTAL | AA35: T-00023-4986 | AB35: 46220 | AC35: Priority-1
AA36: T-00023-4987 | AB36: 46220 | AC36: Priority-1
AA37: T-00023-4988 | AB37: 46233 | AC37: Priority-1
AA38: T-00023-4994 | AB38: 46233 | AC38: Priority-1
AA39: T-00023-4995 | AB39: 46233 | AC39: Priority-1
AA40: T-00023-5001 | AB40: 46220 | AC40: Priority-1
AA41: T-00023-5002 | AB41: 46233 | AC41: Priority-1
AA42: T-00023-5008 | AB42: 46220 | AC42: Priority-1
AA43: T-00023-5009 | AB43: 46220 | AC43: Priority-1
AA44: T-00023-5010 | AB44: 46220 | AC44: Priority-1
AA45: T-00023-5011 | AB45: 46220 | AC45: Priority-1
AA46: T-00023-5012 | AB46: 46220 | AC46: Priority-1
AA47: T-00023-5013 | AB47: 46220 | AC47: Priority-1
... AA1664: T-00614-1116 | AB1664: 46234 | AC1664: Priority-1
