Workbook

Sheet Priority-1
B1: CPP AGI - E/I/T Static & Conformity Closure Summary by Subsystem
B2: Source: uploaded ovTasks_TestsPlanned_1369 (21).xlsx | Updated all 44 workbook subsystems | Company filter: CPP AGI | Disciplines combined: Electrical + Instrumentation + Telecom | Closed = Task State = Closed | Overall = Static Test + Conformity Check.
B4: Subsystem IDs | C4: Static Total | D4: Static Closed | E4: Static Balance | F4: Static Closed % | G4: Conformity Total | H4: Conformity Closed | I4: Conformity Balance | J4: Conformity Closed % | K4: Overall Total | L4: Overall Closed | M4: Overall Closed %
B5: =COUNTA(B17:B42) -> 26 | C5: =SUM(E17:E42) -> 453 | D5: =SUM(F17:F42) -> 383 | E5: =C5-D5 -> 70 | F5: =IF(C5=0,0,D5/C5) -> 0.84547461 | G5: =SUM(I17:I42) -> 715 | H5: =SUM(J17:J42) -> 595 | I5: =G5-H5 -> 120 | J5: =IF(G5=0,0,H5/G5) -> 0.83216783 | K5: =C5+G5 -> 1168 | L5: =D5+H5 -> 978 | M5: =IF(K5=0,0,L5/K5) -> 0.83732877
B8: Combined Summary
B9: Group | C9: Static Total | D9: Static Closed | E9: Static Balance | F9: Static Closed % | G9: Conformity Total | H9: Conformity Closed | I9: Conformity Balance | J9: Conformity Closed % | K9: Overall Total | L9: Overall Closed | M9: Overall Balance | N9: Overall Closed %
B10: All E/I/T Disciplines | C10: =SUM(E17:E42) -> 453 | D10: =SUM(F17:F42) -> 383 | E10: =C10-D10 -> 70 | F10: =IF(C10=0,0,D10/C10) -> 0.84547461 | G10: =SUM(I17:I42) -> 715 | H10: =SUM(J17:J42) -> 595 | I10: =G10-H10 -> 120 | J10: =IF(G10=0,0,H10/G10) -> 0.83216783 | K10: =C10+G10 -> 1168 | L10: =D10+H10 -> 978 | M10: =K10-L10 -> 190 | N10: =IF(K10=0,0,L10/K10) -> 0.83732877
A15: Priority-01 | R15: We cannot Close the below ITR's Right now
A16: Sl NO | B16: Subsystem ID | C16: Subsystem Description | D16: Disciplines Included | E16: Static Total | F16: Static Closed | G16: Static Balance | H16: Static Closed % | I16: Conformity Total | J16: Conformity Closed | K16: Conformity Balance | L16: Conformity Closed % | M16: Overall Total | N16: Overall Closed | O16: Overall Balance | P16: Overall Closed % | R16: Earthing | S16: Cable LUG (Hole dia Issue) | T16: Earthing Lightining Protection | U16: CAT6/MODbus/Fiber | V16: Transformer wall (Cables) | W16: Drum Not available(EACOP) | X16: Duplex filter JB & PIT Not find | Y16: Transformer | Z16: Total | AA16: Remarks as of 24-july-2026
A17: 1 | B17: PS4-91-01 | C17: Multicore cables & JB | D17: I | E17: =COUNTIFS('Exported from SC '!$X:$X,$B17,'Exported from SC '!$J:$J,"Static Test") -> 0 | F17: =COUNTIFS('Exported from SC '!$X:$X,$B17,'Exported from SC '!$J:$J,"Static Test",'Exported from SC '!$AC:$AC,"Closed") -> 0 | G17: =E17-F17 -> 0 | H17: =IF(E17=0,0,F17/E17) -> 0 | I17: =COUNTIFS('Exported from SC '!$X:$X,$B17,'Exported from SC '!$J:$J,"Conformity Check") -> 128 | J17: =COUNTIFS('Exported from SC '!$X:$X,$B17,'Exported from SC '!$J:$J,"Conformity Check",'Exported from SC '!$AC:$AC,"Closed") -> 128 | K17: =I17-J17 -> 0 | L17: =IF(I17=0,0,J17/I17) -> 1 | M17: =E17+I17 -> 128 | N17: =F17+J17 -> 128 | O17: =G17+K17 -> 0 | P17: =IF(M17=0,0,N17/M17) -> 1 | Z17: =SUM(R17:Y17) -> 0 | AC17: =COUNTIFS('[1]Exported from SC (10)'!$X:$X,$B17,'[1]Exported from SC (10)'!$J:$J,"Static Test") -> #VALUE! | AD17: =E17-AC17 -> #VALUE!
A18: 2 | B18: PS4-63-03 | C18: Electrical Earthing - Generator Building | D18: E | E18: =COUNTIFS('Exported from SC '!$X:$X,$B18,'Exported from SC '!$J:$J,"Static Test") -> 2 | F18: =COUNTIFS('Exported from SC '!$X:$X,$B18,'Exported from SC '!$J:$J,"Static Test",'Exported from SC '!$AC:$AC,"Closed") -> 0 | G18: =E18-F18 -> 2 | H18: =IF(E18=0,0,F18/E18) -> 0 | I18: =COUNTIFS('Exported from SC '!$X:$X,$B18,'Exported from SC '!$J:$J,"Conformity Check") -> 2 | J18: =COUNTIFS('Exported from SC '!$X:$X,$B18,'Exported from SC '!$J:$J,"Conformity Check",'Exported from SC '!$AC:$AC,"Closed") -> 0 | K18: =I18-J18 -> 2 | L18: =IF(I18=0,0,J18/I18) -> 0 | M18: =E18+I18 -> 4 | N18: =F18+J18 -> 0 | O18: =G18+K18 -> 4 | P18: =IF(M18=0,0,N18/M18) -> 0 | T18: 2 | Z18: =SUM(R18:Y18) -> 2 | AA18: 2 ITR with Punch A | AC18: =COUNTIFS('[1]Exported from SC (10)'!$X:$X,$B18,'[1]Exported from SC (10)'!$J:$J,"Static Test") -> #VALUE! | AD18: =E18-AC18 -> #VALUE!
A19: 3 | B19: PS4-63-01 | C19: Electrical Earthing | D19: E | E19: =COUNTIFS('Exported from SC '!$X:$X,$B19,'Exported from SC '!$J:$J,"Static Test") -> 34 | F19: =COUNTIFS('Exported from SC '!$X:$X,$B19,'Exported from SC '!$J:$J,"Static Test",'Exported from SC '!$AC:$AC,"Closed") -> 1 | G19: =E19-F19 -> 33 | H19: =IF(E19=0,0,F19/E19) -> 0.029411765 | I19: =COUNTIFS('Exported from SC '!$X:$X,$B19,'Exported from SC '!$J:$J,"Conformity Check") -> 34 | J19: =COUNTIFS('Exported from SC '!$X:$X,$B19,'Exported from SC '!$J:$J,"Conformity Check",'Exported from SC '!$AC:$AC,"Closed") -> 2 | K19: =I19-J19 -> 32 | L19: =IF(I19=0,0,J19/I19) -> 0.058823529 | M19: =E19+I19 -> 68 | N19: =F19+J19 -> 3 | O19: =G19+K19 -> 65 | P19: =IF(M19=0,0,N19/M19) -> 0.044117647 | R19: 65 | Z19: =SUM(R19:Y19) -> 65 | AA19: covered in above | AC19: =COUNTIFS('[1]Exported from SC (10)'!$X:$X,$B19,'[1]Exported from SC (10)'!$J:$J,"Static Test") -> #VALUE! | AD19: =E19-AC19 -> #VALUE!
A20: 4 | B20: PS4-60-27 | C20: Compressed Air Starting Skid | D20: E/I | E20: =COUNTIFS('Exported from SC '!$X:$X,$B20,'Exported from SC '!$J:$J,"Static Test") -> 4 | F20: =COUNTIFS('Exported from SC '!$X:$X,$B20,'Exported from SC '!$J:$J,"Static Test",'Exported from SC '!$AC:$AC,"Closed") -> 4 | G20: =E20-F20 -> 0 | H20: =IF(E20=0,0,F20/E20) -> 1 | I20: =COUNTIFS('Exported from SC '!$X:$X,$B20,'Exported from SC '!$J:$J,"Conformity Check") -> 6 | J20: =COUNTIFS('Exported from SC '!$X:$X,$B20,'Exported from SC '!$J:$J,"Conformity Check",'Exported from SC '!$AC:$AC,"Closed") -> 6 | K20: =I20-J20 -> 0 | L20: =IF(I20=0,0,J20/I20) -> 1 | M20: =E20+I20 -> 10 | N20: =F20+J20 -> 10 | O20: =G20+K20 -> 0 | P20: =IF(M20=0,0,N20/M20) -> 1 | Z20: =SUM(R20:Y20) -> 0 | AC20: =COUNTIFS('[1]Exported from SC (10)'!$X:$X,$B20,'[1]Exported from SC (10)'!$J:$J,"Static Test") -> #VALUE! | AD20: =E20-AC20 -> #VALUE!
A21: 5 | B21: PS4-60-42 | C21: Oil Mist Separator Skid PS4-60-VS-9100A | D21: E/I | E21: =COUNTIFS('Exported from SC '!$X:$X,$B21,'Exported from SC '!$J:$J,"Static Test") -> 2 | F21: =COUNTIFS('Exported from SC '!$X:$X,$B21,'Exported from SC '!$J:$J,"Static Test",'Exported from SC '!$AC:$AC,"Closed") -> 2 | G21: =E21-F21 -> 0 | H21: =IF(E21=0,0,F21/E21) -> 1 | I21: =COUNTIFS('Exported from SC '!$X:$X,$B21,'Exported from SC '!$J:$J,"Conformity Check") -> 4 | J21: =COUNTIFS('Exported from SC '!$X:$X,$B21,'Exported from SC '!$J:$J,"Conformity Check",'Exported from SC '!$AC:$AC,"Closed") -> 4 | K21: =I21-J21 -> 0 | L21: =IF(I21=0,0,J21/I21) -> 1 | M21: =E21+I21 -> 6 | N21: =F21+J21 -> 6 | O21: =G21+K21 -> 0 | P21: =IF(M21=0,0,N21/M21) -> 1 | Z21: =SUM(R21:Y21) -> 0 | AC21: =COUNTIFS('[1]Exported from SC (10)'!$X:$X,$B21,'[1]Exported from SC (10)'!$J:$J,"Static Test") -> #VALUE! | AD21: =E21-AC21 -> #VALUE!
A22: 6 | B22: PS4-60-43 | C22: Oil Mist Separator Skid PS4-60-VS-9100B | D22: E/I | E22: =COUNTIFS('Exported from SC '!$X:$X,$B22,'Exported from SC '!$J:$J,"Static Test") -> 2 | F22: =COUNTIFS('Exported from SC '!$X:$X,$B22,'Exported from SC '!$J:$J,"Static Test",'Exported from SC '!$AC:$AC,"Closed") -> 2 | G22: =E22-F22 -> 0 | H22: =IF(E22=0,0,F22/E22) -> 1 | I22: =COUNTIFS('Exported from SC '!$X:$X,$B22,'Exported from SC '!$J:$J,"Conformity Check") -> 4 | J22: =COUNTIFS('Exported from SC '!$X:$X,$B22,'Exported from SC '!$J:$J,"Conformity Check",'Exported from SC '!$AC:$AC,"Closed") -> 4 | K22: =I22-J22 -> 0 | L22: =IF(I22=0,0,J22/I22) -> 1 | M22: =E22+I22 -> 6 | N22: =F22+J22 -> 6 | O22: =G22+K22 -> 0 | P22: =IF(M22=0,0,N22/M22) -> 1 | Z22: =SUM(R22:Y22) -> 0 | AC22: =COUNTIFS('[1]Exported from SC (10)'!$X:$X,$B22,'[1]Exported from SC (10)'!$J:$J,"Static Test") -> #VALUE! | AD22: =E22-AC22 -> #VALUE!
A23: 7 | B23: PS4-60-26 | C23: Instrument Air Compressor Skid | D23: E/I | E23: =COUNTIFS('Exported from SC '!$X:$X,$B23,'Exported from SC '!$J:$J,"Static Test") -> 5 | F23: =COUNTIFS('Exported from SC '!$X:$X,$B23,'Exported from SC '!$J:$J,"Static Test",'Exported from SC '!$AC:$AC,"Closed") -> 5 | G23: =E23-F23 -> 0 | H23: =IF(E23=0,0,F23/E23) -> 1 | I23: =COUNTIFS('Exported from SC '!$X:$X,$B23,'Exported from SC '!$J:$J,"Conformity Check") -> 7 | J23: =COUNTIFS('Exported from SC '!$X:$X,$B23,'Exported from SC '!$J:$J,"Conformity Check",'Exported from SC '!$AC:$AC,"Closed") -> 7 | K23: =I23-J23 -> 0 | L23: =IF(I23=0,0,J23/I23) -> 1 | M23: =E23+I23 -> 12 | N23: =F23+J23 -> 12 | O23: =G23+K23 -> 0 | P23: =IF(M23=0,0,N23/M23) -> 1 | Z23: =SUM(R23:Y23) -> 0 | AC23: =COUNTIFS('[1]Exported from SC (10)'!$X:$X,$B23,'[1]Exported from SC (10)'!$J:$J,"Static Test") -> #VALUE! | AD23: =E23-AC23 -> #VALUE!
A24: 8 | B24: PS4-60-49 | C24: Lube Oil Separator Module PS4-60-UO-81100A | D24: E/I/T | E24: =COUNTIFS('Exported from SC '!$X:$X,$B24,'Exported from SC '!$J:$J,"Static Test") -> 8 | F24: =COUNTIFS('Exported from SC '!$X:$X,$B24,'Exported from SC '!$J:$J,"Static Test",'Exported from SC '!$AC:$AC,"Closed") -> 7 | G24: =E24-F24 -> 1 | H24: =IF(E24=0,0,F24/E24) -> 0.875 | I24: =COUNTIFS('Exported from SC '!$X:$X,$B24,'Exported from SC '!$J:$J,"Conformity Check") -> 10 | J24: =COUNTIFS('Exported from SC '!$X:$X,$B24,'Exported from SC '!$J:$J,"Conformity Check",'Exported from SC '!$AC:$AC,"Closed") -> 9 | K24: =I24-J24 -> 1 | L24: =IF(I24=0,0,J24/I24) -> 0.9 | M24: =E24+I24 -> 18 | N24: =F24+J24 -> 16 | O24: =G24+K24 -> 2 | P24: =IF(M24=0,0,N24/M24) -> 0.88888889 | U24: 2 | Z24: =SUM(R24:Y24) -> 2 | AA24: Scope to be clarify with EACOP and CPP headoffice | AC24: =COUNTIFS('[1]Exported from SC (10)'!$X:$X,$B24,'[1]Exported from SC (10)'!$J:$J,"Static Test") -> #VALUE! | AD24: =E24-AC24 -> #VALUE!
A25: 9 | B25: PS4-60-50 | C25: Lube Oil Separator Module PS4-60-UO-81100B | D25: E/I/T | E25: =COUNTIFS('Exported from SC '!$X:$X,$B25,'Exported from SC '!$J:$J,"Static Test") -> 8 | F25: =COUNTIFS('Exported from SC '!$X:$X,$B25,'Exported from SC '!$J:$J,"Static Test",'Exported from SC '!$AC:$AC,"Closed") -> 7 | G25: =E25-F25 -> 1 | H25: =IF(E25=0,0,F25/E25) -> 0.875 | I25: =COUNTIFS('Exported from SC '!$X:$X,$B25,'Exported from SC '!$J:$J,"Conformity Check") -> 10 | J25: =COUNTIFS('Exported from SC '!$X:$X,$B25,'Exported from SC '!$J:$J,"Conformity Check",'Exported from SC '!$AC:$AC,"Closed") -> 9 | K25: =I25-J25 -> 1 | L25: =IF(I25=0,0,J25/I25) -> 0.9 | M25: =E25+I25 -> 18 | N25: =F25+J25 -> 16 | O25: =G25+K25 -> 2 | P25: =IF(M25=0,0,N25/M25) -> 0.88888889 | U25: 2 | Z25: =SUM(R25:Y25) -> 2 | AA25: Scope to be clarify with EACOP and CPP headoffice | AC25: =COUNTIFS('[1]Exported from SC (10)'!$X:$X,$B25,'[1]Exported from SC (10)'!$J:$J,"Static Test") -> #VALUE! | AD25: =E25-AC25 -> #VALUE!
A26: 10 | B26: PS4-60-56 | C26: Fuel Conditioning Module PS4-60-UZ-8900A | D26: E/I | E26: =COUNTIFS('Exported from SC '!$X:$X,$B26,'Exported from SC '!$J:$J,"Static Test") -> 10 | F26: =COUNTIFS('Exported from SC '!$X:$X,$B26,'Exported from SC '!$J:$J,"Static Test",'Exported from SC '!$AC:$AC,"Closed") -> 10 | G26: =E26-F26 -> 0 | H26: =IF(E26=0,0,F26/E26) -> 1 | I26: =COUNTIFS('Exported from SC '!$X:$X,$B26,'Exported from SC '!$J:$J,"Conformity Check") -> 15 | J26: =COUNTIFS('Exported from SC '!$X:$X,$B26,'Exported from SC '!$J:$J,"Conformity Check",'Exported from SC '!$AC:$AC,"Closed") -> 11 | K26: =I26-J26 -> 4 | L26: =IF(I26=0,0,J26/I26) -> 0.73333333 | M26: =E26+I26 -> 25 | N26: =F26+J26 -> 21 | O26: =G26+K26 -> 4 | P26: =IF(M26=0,0,N26/M26) -> 0.84 | X26: 4 | Z26: =SUM(R26:Y26) -> 4 | AC26: =COUNTIFS('[1]Exported from SC (10)'!$X:$X,$B26,'[1]Exported from SC (10)'!$J:$J,"Static Test") -> #VALUE! | AD26: =E26-AC26 -> #VALUE!
A27: 11 | B27: PS4-60-58 | C27: Fuel Conditioning Module PS4-60-UZ-8900B | D27: E/I | E27: =COUNTIFS('Exported from SC '!$X:$X,$B27,'Exported from SC '!$J:$J,"Static Test") -> 10 | F27: =COUNTIFS('Exported from SC '!$X:$X,$B27,'Exported from SC '!$J:$J,"Static Test",'Exported from SC '!$AC:$AC,"Closed") -> 10 | G27: =E27-F27 -> 0 | H27: =IF(E27=0,0,F27/E27) -> 1 | I27: =COUNTIFS('Exported from SC '!$X:$X,$B27,'Exported from SC '!$J:$J,"Conformity Check") -> 15 | J27: =COUNTIFS('Exported from SC '!$X:$X,$B27,'Exported from SC '!$J:$J,"Conformity Check",'Exported from SC '!$AC:$AC,"Closed") -> 11 | K27: =I27-J27 -> 4 | L27: =IF(I27=0,0,J27/I27) -> 0.73333333 | M27: =E27+I27 -> 25 | N27: =F27+J27 -> 21 | O27: =G27+K27 -> 4 | P27: =IF(M27=0,0,N27/M27) -> 0.84 | X27: 4 | Z27: =SUM(R27:Y27) -> 4 | AC27: =COUNTIFS('[1]Exported from SC (10)'!$X:$X,$B27,'[1]Exported from SC (10)'!$J:$J,"Static Test") -> #VALUE! | AD27: =E27-AC27 -> #VALUE!
A28: 12 | B28: PS4-60-57 | C28: Fuel Conditioning Module PS4-60-UZ-8900A (UCP) | D28: E/I/T | E28: =COUNTIFS('Exported from SC '!$X:$X,$B28,'Exported from SC '!$J:$J,"Static Test") -> 17 | F28: =COUNTIFS('Exported from SC '!$X:$X,$B28,'Exported from SC '!$J:$J,"Static Test",'Exported from SC '!$AC:$AC,"Closed") -> 16 | G28: =E28-F28 -> 1 | H28: =IF(E28=0,0,F28/E28) -> 0.94117647 | I28: =COUNTIFS('Exported from SC '!$X:$X,$B28,'Exported from SC '!$J:$J,"Conformity Check") -> 17 | J28: =COUNTIFS('Exported from SC '!$X:$X,$B28,'Exported from SC '!$J:$J,"Conformity Check",'Exported from SC '!$AC:$AC,"Closed") -> 16 | K28: =I28-J28 -> 1 | L28: =IF(I28=0,0,J28/I28) -> 0.94117647 | M28: =E28+I28 -> 34 | N28: =F28+J28 -> 32 | O28: =G28+K28 -> 2 | P28: =IF(M28=0,0,N28/M28) -> 0.94117647 | U28: 2 | Z28: =SUM(R28:Y28) -> 2 | AA28: Scope to be clarify with EACOP and CPP headoffice | AC28: =COUNTIFS('[1]Exported from SC (10)'!$X:$X,$B28,'[1]Exported from SC (10)'!$J:$J,"Static Test") -> #VALUE! | AD28: =E28-AC28 -> #VALUE!
A29: 13 | B29: PS4-60-59 | C29: Fuel Conditioning Module PS4-60-UZ-8900B (UCP) | D29: E/I/T | E29: =COUNTIFS('Exported from SC '!$X:$X,$B29,'Exported from SC '!$J:$J,"Static Test") -> 17 | F29: =COUNTIFS('Exported from SC '!$X:$X,$B29,'Exported from SC '!$J:$J,"Static Test",'Exported from SC '!$AC:$AC,"Closed") -> 16 | G29: =E29-F29 -> 1 | H29: =IF(E29=0,0,F29/E29) -> 0.94117647 | I29: =COUNTIFS('Exported from SC '!$X:$X,$B29,'Exported from SC '!$J:$J,"Conformity Check") -> 17 | J29: =COUNTIFS('Exported from SC '!$X:$X,$B29,'Exported from SC '!$J:$J,"Conformity Check",'Exported from SC '!$AC:$AC,"Closed") -> 16 | K29: =I29-J29 -> 1 | L29: =IF(I29=0,0,J29/I29) -> 0.94117647 | M29: =E29+I29 -> 34 | N29: =F29+J29 -> 32 | O29: =G29+K29 -> 2 | P29: =IF(M29=0,0,N29/M29) -> 0.94117647 | U29: 2 | Z29: =SUM(R29:Y29) -> 2 | AA29: Scope to be clarify with EACOP and CPP headoffice | AC29: =COUNTIFS('[1]Exported from SC (10)'!$X:$X,$B29,'[1]Exported from SC (10)'!$J:$J,"Static Test") -> #VALUE! | AD29: =E29-AC29 -> #VALUE!
A30: 14 | B30: PS4-60-02 | C30: Power Gen Package A (UCP) | D30: E/I | E30: =COUNTIFS('Exported from SC '!$X:$X,$B30,'Exported from SC '!$J:$J,"Static Test") -> 31 | F30: =COUNTIFS('Exported from SC '!$X:$X,$B30,'Exported from SC '!$J:$J,"Static Test",'Exported from SC '!$AC:$AC,"Closed") -> 31 | G30: =E30-F30 -> 0 | H30: =IF(E30=0,0,F30/E30) -> 1 | I30: =COUNTIFS('Exported from SC '!$X:$X,$B30,'Exported from SC '!$J:$J,"Conformity Check") -> 36 | J30: =COUNTIFS('Exported from SC '!$X:$X,$B30,'Exported from SC '!$J:$J,"Conformity Check",'Exported from SC '!$AC:$AC,"Closed") -> 36 | K30: =I30-J30 -> 0 | L30: =IF(I30=0,0,J30/I30) -> 1 | M30: =E30+I30 -> 67 | N30: =F30+J30 -> 67 | O30: =G30+K30 -> 0 | P30: =IF(M30=0,0,N30/M30) -> 1 | Z30: =SUM(R30:Y30) -> 0 | AC30: =COUNTIFS('[1]Exported from SC (10)'!$X:$X,$B30,'[1]Exported from SC (10)'!$J:$J,"Static Test") -> #VALUE! | AD30: =E30-AC30 -> #VALUE!
A31: 15 | B31: PS4-60-05 | C31: Power Gen Package B (UCP) | D31: E/I/T | E31: =COUNTIFS('Exported from SC '!$X:$X,$B31,'Exported from SC '!$J:$J,"Static Test") -> 35 | F31: =COUNTIFS('Exported from SC '!$X:$X,$B31,'Exported from SC '!$J:$J,"Static Test",'Exported from SC '!$AC:$AC,"Closed") -> 32 | G31: =E31-F31 -> 3 | H31: =IF(E31=0,0,F31/E31) -> 0.91428571 | I31: =COUNTIFS('Exported from SC '!$X:$X,$B31,'Exported from SC '!$J:$J,"Conformity Check") -> 40 | J31: =COUNTIFS('Exported from SC '!$X:$X,$B31,'Exported from SC '!$J:$J,"Conformity Check",'Exported from SC '!$AC:$AC,"Closed") -> 36 | K31: =I31-J31 -> 4 | L31: =IF(I31=0,0,J31/I31) -> 0.9 | M31: =E31+I31 -> 75 | N31: =F31+J31 -> 68 | O31: =G31+K31 -> 7 | P31: =IF(M31=0,0,N31/M31) -> 0.90666667 | U31: 7 | Z31: =SUM(R31:Y31) -> 7 | AA31: Scope to be clarify with EACOP and CPP headoffice | AC31: =COUNTIFS('[1]Exported from SC (10)'!$X:$X,$B31,'[1]Exported from SC (10)'!$J:$J,"Static Test") -> #VALUE! | AD31: =E31-AC31 -> #VALUE!
A32: 16 | B32: PS4-60-03 | C32: Power Gen Package A Generator Auxiliary MCCs & DBs | D32: E/I/T | E32: =COUNTIFS('Exported from SC '!$X:$X,$B32,'Exported from SC '!$J:$J,"Static Test") -> 12 | F32: =COUNTIFS('Exported from SC '!$X:$X,$B32,'Exported from SC '!$J:$J,"Static Test",'Exported from SC '!$AC:$AC,"Closed") -> 9 | G32: =E32-F32 -> 3 | H32: =IF(E32=0,0,F32/E32) -> 0.75 | I32: =COUNTIFS('Exported from SC '!$X:$X,$B32,'Exported from SC '!$J:$J,"Conformity Check") -> 12 | J32: =COUNTIFS('Exported from SC '!$X:$X,$B32,'Exported from SC '!$J:$J,"Conformity Check",'Exported from SC '!$AC:$AC,"Closed") -> 8 | K32: =I32-J32 -> 4 | L32: =IF(I32=0,0,J32/I32) -> 0.66666667 | M32: =E32+I32 -> 24 | N32: =F32+J32 -> 17 | O32: =G32+K32 -> 7 | P32: =IF(M32=0,0,N32/M32) -> 0.70833333 | U32: 6 | Z32: =SUM(R32:Y32) -> 6 | AA32: Scope to be clarify with EACOP and CPP headoffice | AC32: =COUNTIFS('[1]Exported from SC (10)'!$X:$X,$B32,'[1]Exported from SC (10)'!$J:$J,"Static Test") -> #VALUE! | AD32: =E32-AC32 -> #VALUE!
A33: 17 | B33: PS4-60-06 | C33: Power Gen Package B Generator Auxiliary MCCs & DBs | D33: E/I/T | E33: =COUNTIFS('Exported from SC '!$X:$X,$B33,'Exported from SC '!$J:$J,"Static Test") -> 11 | F33: =COUNTIFS('Exported from SC '!$X:$X,$B33,'Exported from SC '!$J:$J,"Static Test",'Exported from SC '!$AC:$AC,"Closed") -> 8 | G33: =E33-F33 -> 3 | H33: =IF(E33=0,0,F33/E33) -> 0.72727273 | I33: =COUNTIFS('Exported from SC '!$X:$X,$B33,'Exported from SC '!$J:$J,"Conformity Check") -> 11 | J33: =COUNTIFS('Exported from SC '!$X:$X,$B33,'Exported from SC '!$J:$J,"Conformity Check",'Exported from SC '!$AC:$AC,"Closed") -> 8 | K33: =I33-J33 -> 3 | L33: =IF(I33=0,0,J33/I33) -> 0.72727273 | M33: =E33+I33 -> 22 | N33: =F33+J33 -> 16 | O33: =G33+K33 -> 6 | P33: =IF(M33=0,0,N33/M33) -> 0.72727273 | U33: 6 | Z33: =SUM(R33:Y33) -> 6 | AA33: Scope to be clarify with EACOP and CPP headoffice | AC33: =COUNTIFS('[1]Exported from SC (10)'!$X:$X,$B33,'[1]Exported from SC (10)'!$J:$J,"Static Test") -> #VALUE! | AD33: =E33-AC33 -> #VALUE!
A34: 18 | B34: PS4-60-35 | C34: Injector Tip Cooling Module A | D34: E/I | E34: =COUNTIFS('Exported from SC '!$X:$X,$B34,'Exported from SC '!$J:$J,"Static Test") -> 3 | F34: =COUNTIFS('Exported from SC '!$X:$X,$B34,'Exported from SC '!$J:$J,"Static Test",'Exported from SC '!$AC:$AC,"Closed") -> 3 | G34: =E34-F34 -> 0 | H34: =IF(E34=0,0,F34/E34) -> 1 | I34: =COUNTIFS('Exported from SC '!$X:$X,$B34,'Exported from SC '!$J:$J,"Conformity Check") -> 9 | J34: =COUNTIFS('Exported from SC '!$X:$X,$B34,'Exported from SC '!$J:$J,"Conformity Check",'Exported from SC '!$AC:$AC,"Closed") -> 9 | K34: =I34-J34 -> 0 | L34: =IF(I34=0,0,J34/I34) -> 1 | M34: =E34+I34 -> 12 | N34: =F34+J34 -> 12 | O34: =G34+K34 -> 0 | P34: =IF(M34=0,0,N34/M34) -> 1 | Z34: =SUM(R34:Y34) -> 0 | AC34: =COUNTIFS('[1]Exported from SC (10)'!$X:$X,$B34,'[1]Exported from SC (10)'!$J:$J,"Static Test") -> #VALUE! | AD34: =E34-AC34 -> #VALUE!
A35: 19 | B35: PS4-60-36 | C35: Injector Tip Cooling Module B | D35: E/I | E35: =COUNTIFS('Exported from SC '!$X:$X,$B35,'Exported from SC '!$J:$J,"Static Test") -> 3 | F35: =COUNTIFS('Exported from SC '!$X:$X,$B35,'Exported from SC '!$J:$J,"Static Test",'Exported from SC '!$AC:$AC,"Closed") -> 3 | G35: =E35-F35 -> 0 | H35: =IF(E35=0,0,F35/E35) -> 1 | I35: =COUNTIFS('Exported from SC '!$X:$X,$B35,'Exported from SC '!$J:$J,"Conformity Check") -> 9 | J35: =COUNTIFS('Exported from SC '!$X:$X,$B35,'Exported from SC '!$J:$J,"Conformity Check",'Exported from SC '!$AC:$AC,"Closed") -> 9 | K35: =I35-J35 -> 0 | L35: =IF(I35=0,0,J35/I35) -> 1 | M35: =E35+I35 -> 12 | N35: =F35+J35 -> 12 | O35: =G35+K35 -> 0 | P35: =IF(M35=0,0,N35/M35) -> 1 | Z35: =SUM(R35:Y35) -> 0 | AC35: =COUNTIFS('[1]Exported from SC (10)'!$X:$X,$B35,'[1]Exported from SC (10)'!$J:$J,"Static Test") -> #VALUE! | AD35: =E35-AC35 -> #VALUE!
A36: 20 | B36: PS4-60-22 | C36: Power Gen Master UCP | D36: E/I/T | E36: =COUNTIFS('Exported from SC '!$X:$X,$B36,'Exported from SC '!$J:$J,"Static Test") -> 53 | F36: =COUNTIFS('Exported from SC '!$X:$X,$B36,'Exported from SC '!$J:$J,"Static Test",'Exported from SC '!$AC:$AC,"Closed") -> 37 | G36: =E36-F36 -> 16 | H36: =IF(E36=0,0,F36/E36) -> 0.69811321 | I36: =COUNTIFS('Exported from SC '!$X:$X,$B36,'Exported from SC '!$J:$J,"Conformity Check") -> 64 | J36: =COUNTIFS('Exported from SC '!$X:$X,$B36,'Exported from SC '!$J:$J,"Conformity Check",'Exported from SC '!$AC:$AC,"Closed") -> 34 | K36: =I36-J36 -> 30 | L36: =IF(I36=0,0,J36/I36) -> 0.53125 | M36: =E36+I36 -> 117 | N36: =F36+J36 -> 71 | O36: =G36+K36 -> 46 | P36: =IF(M36=0,0,N36/M36) -> 0.60683761 | U36: 42 | Z36: =SUM(R36:Y36) -> 42 | AA36: Scope to be clarify with EACOP and CPP headoffice | AC36: =COUNTIFS('[1]Exported from SC (10)'!$X:$X,$B36,'[1]Exported from SC (10)'!$J:$J,"Static Test") -> #VALUE! | AD36: =E36-AC36 -> #VALUE!
A37: 21 | B37: PS4-71-23 | C37: Diesel Fuel Pre Pressure Module (UCP) | D37: E/I/T | E37: =COUNTIFS('Exported from SC '!$X:$X,$B37,'Exported from SC '!$J:$J,"Static Test") -> 11 | F37: =COUNTIFS('Exported from SC '!$X:$X,$B37,'Exported from SC '!$J:$J,"Static Test",'Exported from SC '!$AC:$AC,"Closed") -> 10 | G37: =E37-F37 -> 1 | H37: =IF(E37=0,0,F37/E37) -> 0.90909091 | I37: =COUNTIFS('Exported from SC '!$X:$X,$B37,'Exported from SC '!$J:$J,"Conformity Check") -> 15 | J37: =COUNTIFS('Exported from SC '!$X:$X,$B37,'Exported from SC '!$J:$J,"Conformity Check",'Exported from SC '!$AC:$AC,"Closed") -> 5 | K37: =I37-J37 -> 10 | L37: =IF(I37=0,0,J37/I37) -> 0.33333333 | M37: =E37+I37 -> 26 | N37: =F37+J37 -> 15 | O37: =G37+K37 -> 11 | P37: =IF(M37=0,0,N37/M37) -> 0.57692308 | U37: 2 | Z37: =SUM(R37:Y37) -> 2 | AA37: Scope to be clarify with EACOP and CPP headoffice | AC37: =COUNTIFS('[1]Exported from SC (10)'!$X:$X,$B37,'[1]Exported from SC (10)'!$J:$J,"Static Test") -> #VALUE! | AD37: =E37-AC37 -> #VALUE!
A38: 22 | B38: PS4-60-70 | C38: Engine A Cooling system | D38: E/I | E38: =COUNTIFS('Exported from SC '!$X:$X,$B38,'Exported from SC '!$J:$J,"Static Test") -> 6 | F38: =COUNTIFS('Exported from SC '!$X:$X,$B38,'Exported from SC '!$J:$J,"Static Test",'Exported from SC '!$AC:$AC,"Closed") -> 6 | G38: =E38-F38 -> 0 | H38: =IF(E38=0,0,F38/E38) -> 1 | I38: =COUNTIFS('Exported from SC '!$X:$X,$B38,'Exported from SC '!$J:$J,"Conformity Check") -> 18 | J38: =COUNTIFS('Exported from SC '!$X:$X,$B38,'Exported from SC '!$J:$J,"Conformity Check",'Exported from SC '!$AC:$AC,"Closed") -> 18 | K38: =I38-J38 -> 0 | L38: =IF(I38=0,0,J38/I38) -> 1 | M38: =E38+I38 -> 24 | N38: =F38+J38 -> 24 | O38: =G38+K38 -> 0 | P38: =IF(M38=0,0,N38/M38) -> 1 | Z38: =SUM(R38:Y38) -> 0 | AC38: =COUNTIFS('[1]Exported from SC (10)'!$X:$X,$B38,'[1]Exported from SC (10)'!$J:$J,"Static Test") -> #VALUE! | AD38: =E38-AC38 -> #VALUE!
A39: 23 | B39: PS4-60-71 | C39: Engine B Cooling system | D39: E/I | E39: =COUNTIFS('Exported from SC '!$X:$X,$B39,'Exported from SC '!$J:$J,"Static Test") -> 6 | F39: =COUNTIFS('Exported from SC '!$X:$X,$B39,'Exported from SC '!$J:$J,"Static Test",'Exported from SC '!$AC:$AC,"Closed") -> 6 | G39: =E39-F39 -> 0 | H39: =IF(E39=0,0,F39/E39) -> 1 | I39: =COUNTIFS('Exported from SC '!$X:$X,$B39,'Exported from SC '!$J:$J,"Conformity Check") -> 18 | J39: =COUNTIFS('Exported from SC '!$X:$X,$B39,'Exported from SC '!$J:$J,"Conformity Check",'Exported from SC '!$AC:$AC,"Closed") -> 18 | K39: =I39-J39 -> 0 | L39: =IF(I39=0,0,J39/I39) -> 1 | M39: =E39+I39 -> 24 | N39: =F39+J39 -> 24 | O39: =G39+K39 -> 0 | P39: =IF(M39=0,0,N39/M39) -> 1 | Z39: =SUM(R39:Y39) -> 0 | AC39: =COUNTIFS('[1]Exported from SC (10)'!$X:$X,$B39,'[1]Exported from SC (10)'!$J:$J,"Static Test") -> #VALUE! | AD39: =E39-AC39 -> #VALUE!
A40: 24 | B40: PS4-60-01 | C40: Power Generation Package A | D40: E/I | E40: =COUNTIFS('Exported from SC '!$X:$X,$B40,'Exported from SC '!$J:$J,"Static Test") -> 86 | F40: =COUNTIFS('Exported from SC '!$X:$X,$B40,'Exported from SC '!$J:$J,"Static Test",'Exported from SC '!$AC:$AC,"Closed") -> 84 | G40: =E40-F40 -> 2 | H40: =IF(E40=0,0,F40/E40) -> 0.97674419 | I40: =COUNTIFS('Exported from SC '!$X:$X,$B40,'Exported from SC '!$J:$J,"Conformity Check") -> 112 | J40: =COUNTIFS('Exported from SC '!$X:$X,$B40,'Exported from SC '!$J:$J,"Conformity Check",'Exported from SC '!$AC:$AC,"Closed") -> 94 | K40: =I40-J40 -> 18 | L40: =IF(I40=0,0,J40/I40) -> 0.83928571 | M40: =E40+I40 -> 198 | N40: =F40+J40 -> 178 | O40: =G40+K40 -> 20 | P40: =IF(M40=0,0,N40/M40) -> 0.8989899 | V40: 3 | Y40: 2 | Z40: =SUM(R40:Y40) -> 5 | AA40: 1.Transformer top up oil to be completed , 2.CCP1 to be finalise cable tray support in Transformer wall | AC40: =COUNTIFS('[1]Exported from SC (10)'!$X:$X,$B40,'[1]Exported from SC (10)'!$J:$J,"Static Test") -> #VALUE! | AD40: =E40-AC40 -> #VALUE!
A41: 25 | B41: PS4-60-04 | C41: Power Generation Package B | D41: E/I | E41: =COUNTIFS('Exported from SC '!$X:$X,$B41,'Exported from SC '!$J:$J,"Static Test") -> 62 | F41: =COUNTIFS('Exported from SC '!$X:$X,$B41,'Exported from SC '!$J:$J,"Static Test",'Exported from SC '!$AC:$AC,"Closed") -> 59 | G41: =E41-F41 -> 3 | H41: =IF(E41=0,0,F41/E41) -> 0.9516129 | I41: =COUNTIFS('Exported from SC '!$X:$X,$B41,'Exported from SC '!$J:$J,"Conformity Check") -> 80 | J41: =COUNTIFS('Exported from SC '!$X:$X,$B41,'Exported from SC '!$J:$J,"Conformity Check",'Exported from SC '!$AC:$AC,"Closed") -> 75 | K41: =I41-J41 -> 5 | L41: =IF(I41=0,0,J41/I41) -> 0.9375 | M41: =E41+I41 -> 142 | N41: =F41+J41 -> 134 | O41: =G41+K41 -> 8 | P41: =IF(M41=0,0,N41/M41) -> 0.94366197 | V41: 3 | W41: 2 | Y41: 2 | Z41: =SUM(R41:Y41) -> 7 | AA41: 1.SRN-02017 ETA 29 0ctober(140 Mtr for Genset-B (6T X 0.75 IS/OS FL RTD) 2..Transformer top up oil to be completed , 3.CCP1 to be finalise cable tray support in Transformer wall | AC41: =COUNTIFS('[1]Exported from SC (10)'!$X:$X,$B41,'[1]Exported from SC (10)'!$J:$J,"Static Test") -> #VALUE! | AD41: =E41-AC41 -> #VALUE!
A42: 26 | B42: PS4-71-22 | C42: Diesel Fuel Pre Pressure Module | D42: E/I | E42: =COUNTIFS('Exported from SC '!$X:$X,$B42,'Exported from SC '!$J:$J,"Static Test") -> 15 | F42: =COUNTIFS('Exported from SC '!$X:$X,$B42,'Exported from SC '!$J:$J,"Static Test",'Exported from SC '!$AC:$AC,"Closed") -> 15 | G42: =E42-F42 -> 0 | H42: =IF(E42=0,0,F42/E42) -> 1 | I42: =COUNTIFS('Exported from SC '!$X:$X,$B42,'Exported from SC '!$J:$J,"Conformity Check") -> 22 | J42: =COUNTIFS('Exported from SC '!$X:$X,$B42,'Exported from SC '!$J:$J,"Conformity Check",'Exported from SC '!$AC:$AC,"Closed") -> 22 | K42: =I42-J42 -> 0 | L42: =IF(I42=0,0,J42/I42) -> 1 | M42: =E42+I42 -> 37 | N42: =F42+J42 -> 37 | O42: =G42+K42 -> 0 | P42: =IF(M42=0,0,N42/M42) -> 1 | Z42: =SUM(R42:Y42) -> 0 | AC42: =COUNTIFS('[1]Exported from SC (10)'!$X:$X,$B42,'[1]Exported from SC (10)'!$J:$J,"Static Test") -> #VALUE! | AD42: =E42-AC42 -> #VALUE!
A43: 27 | B43: PS4-61-04 | C43: PS4-61-04 - 0.4kV Switchboard Power Generator Building (PS4-61-IK-0003) | D43: E/I | E43: =COUNTIFS('Exported from SC '!$X:$X,$B43,'Exported from SC '!$J:$J,"Static Test") -> 53 | F43: =COUNTIFS('Exported from SC '!$X:$X,$B43,'Exported from SC '!$J:$J,"Static Test",'Exported from SC '!$AC:$AC,"Closed") -> 50 | G43: =E43-F43 -> 3 | H43: =IF(E43=0,0,F43/E43) -> 0.94339623 | I43: =COUNTIFS('Exported from SC '!$X:$X,$B43,'Exported from SC '!$J:$J,"Conformity Check") -> 63 | J43: =COUNTIFS('Exported from SC '!$X:$X,$B43,'Exported from SC '!$J:$J,"Conformity Check",'Exported from SC '!$AC:$AC,"Closed") -> 14 | K43: =I43-J43 -> 49 | L43: =IF(I43=0,0,J43/I43) -> 0.22222222 | M43: =E43+I43 -> 116 | N43: =F43+J43 -> 64 | O43: =G43+K43 -> 52 | P43: =IF(M43=0,0,N43/M43) -> 0.55172414 | S43: 36 | Z43: =SUM(R43:Y43) -> 36 | AA43: Cable lugs (500 SQ) mm hole not matching to SWG bus-bar bolt (Hole big size) | AC43: =COUNTIFS('[1]Exported from SC (10)'!$X:$X,$B43,'[1]Exported from SC (10)'!$J:$J,"Static Test") -> #VALUE! | AD43: =E43-AC43 -> #VALUE!
A44: 28 | B44: PS4-06-02 | C44: AC UPS - Power Generator Building | D44: E/I | E44: =COUNTIFS('Exported from SC '!$X:$X,$B44,'Exported from SC '!$J:$J,"Static Test") -> 26 | F44: =COUNTIFS('Exported from SC '!$X:$X,$B44,'Exported from SC '!$J:$J,"Static Test",'Exported from SC '!$AC:$AC,"Closed") -> 19 | G44: =E44-F44 -> 7 | H44: =IF(E44=0,0,F44/E44) -> 0.73076923 | I44: =COUNTIFS('Exported from SC '!$X:$X,$B44,'Exported from SC '!$J:$J,"Conformity Check") -> 32 | J44: =COUNTIFS('Exported from SC '!$X:$X,$B44,'Exported from SC '!$J:$J,"Conformity Check",'Exported from SC '!$AC:$AC,"Closed") -> 20 | K44: =I44-J44 -> 12 | L44: =IF(I44=0,0,J44/I44) -> 0.625 | M44: =E44+I44 -> 58 | N44: =F44+J44 -> 39 | O44: =G44+K44 -> 19 | P44: =IF(M44=0,0,N44/M44) -> 0.67241379 | Z44: =SUM(R44:Y44) -> 0 | AC44: =COUNTIFS('[1]Exported from SC (10)'!$X:$X,$B44,'[1]Exported from SC (10)'!$J:$J,"Static Test") -> #VALUE! | AD44: =E44-AC44 -> #VALUE!
E45: =SUM(E17:E44) -> 532 | F45: =SUM(F17:F44) -> 452 | G45: =SUM(G17:G44) -> 80 | H45: =SUM(H17:H44) -> 23.26305 | I45: =SUM(I17:I44) -> 810 | J45: =SUM(J17:J44) -> 629 | K45: =SUM(K17:K44) -> 181 | M45: =SUM(M17:M44) -> 1342 | N45: =SUM(N17:N43) -> 1042 | O45: =SUM(O17:O43) -> 242 | P45: =N45/M45 -> 0.77645306 | R45: =SUM(R17:R43) -> 65 | S45: =SUM(S17:S43) -> 36 | T45: =SUM(T17:T43) -> 2 | U45: =SUM(U17:U43) -> 71 | V45: =SUM(V17:V43) -> 6 | W45: =SUM(W17:W43) -> 2 | X45: =SUM(X17:X43) -> 8 | Y45: =SUM(Y17:Y43) -> 4 | Z45: =SUM(R45:Y45) -> 194

Sheet Priority-2 
B1: CPP AGI - E/I/T Static & Conformity Closure Summary by Subsystem
B2: Source: uploaded ovTasks_TestsPlanned_1369 (21).xlsx | Updated all 44 workbook subsystems | Company filter: CPP AGI | Disciplines combined: Electrical + Instrumentation + Telecom | Closed = Task State = Closed | Overall = Static Test + Conformity Check.
B4: Subsystem IDs | C4: Static Total | D4: Static Balance | E4: Static Closed % | F4: Conformity Total | G4: Conformity Closed | H4: Conformity Balance | I4: Conformity Closed % | J4: Overall Total | K4: Overall Closed | L4: Overall Closed %
B5: =COUNTA(B17:B39) -> 23 | C5: =SUM(D17:D39) -> 461 | D5: =C5-#REF! -> #REF! | E5: =IF(C5=0,0,#REF!/C5) -> #REF! | F5: =SUM(H17:H39) -> 610 | G5: =SUM(I17:I39) -> 87 | H5: =F5-G5 -> 523 | I5: =IF(F5=0,0,G5/F5) -> 0.14262295 | J5: =C5+F5 -> 1071 | K5: =#REF!+G5 -> #REF! | L5: =IF(J5=0,0,K5/J5) -> #REF!
B8: Combined Summary
B9: Group | C9: Static Total | D9: Static Balance | E9: Static Closed % | F9: Conformity Total | G9: Conformity Closed | H9: Conformity Balance | I9: Conformity Closed % | J9: Overall Total | K9: Overall Closed | L9: Overall Balance | M9: Overall Closed %
B10: All E/I/T Disciplines | C10: =SUM(D17:D39) -> 461 | D10: =C10-#REF! -> #REF! | E10: =IF(C10=0,0,#REF!/C10) -> #REF! | F10: =SUM(H17:H39) -> 610 | G10: =SUM(I17:I39) -> 87 | H10: =F10-G10 -> 523 | I10: =IF(F10=0,0,G10/F10) -> 0.14262295 | J10: =C10+F10 -> 1071 | K10: =#REF!+G10 -> #REF! | L10: =J10-K10 -> #REF! | M10: =IF(J10=0,0,K10/J10) -> #REF!
A15: Priority-01 C & D | P15: We cannot Close the below ITR's Right now
A16: Sl NO | B16: Subsystem ID | C16: Subsystem Description | D16: Static Total | E16: Static Closed | F16: Static Balance | G16: Static Closed % | H16: Conformity Total | I16: Conformity Closed | J16: Conformity Balance | K16: Conformity Closed % | L16: Overall Total | M16: Overall Closed | N16: Overall Balance | O16: Overall Closed % | P16: CAT6/MODbus/Fiber | Q16: Transformer wall (Cables) | R16: Transformer | S16: Duplex filter JB & PIT Not find
A17: 1 | B17: PS4-60-07 | C17: Power Generation Package C | D17: =COUNTIFS('Exported from SC '!$X:$X,$B17,'Exported from SC '!$J:$J,"Static Test") -> 62 | E17: =COUNTIFS('Exported from SC '!$X:$X,$B17,'Exported from SC '!$J:$J,"Static Test",'Exported from SC '!$AC:$AC,"Closed") -> 56 | F17: =D17-E17 -> 6 | G17: =IF(D17=0,0,E17/D17) -> 0.90322581 | H17: =COUNTIFS('Exported from SC '!$X:$X,$B17,'Exported from SC '!$J:$J,"Conformity Check") -> 80 | I17: =COUNTIFS('Exported from SC '!$X:$X,$B17,'Exported from SC '!$J:$J,"Conformity Check",'Exported from SC '!$AC:$AC,"Closed") -> 21 | J17: =H17-I17 -> 59 | K17: =IF(H17=0,0,I17/H17) -> 0.2625 | L17: =D17+H17 -> 142 | M17: =E17+I17 -> 77 | N17: =F17+J17 -> 65 | O17: =IF(L17=0,0,M17/L17) -> 0.54225352
A18: 2 | B18: PS4-60-08 | C18: Power Gen Package C (UCP) | D18: =COUNTIFS('Exported from SC '!$X:$X,$B18,'Exported from SC '!$J:$J,"Static Test") -> 35 | E18: =COUNTIFS('Exported from SC '!$X:$X,$B18,'Exported from SC '!$J:$J,"Static Test",'Exported from SC '!$AC:$AC,"Closed") -> 27 | F18: =D18-E18 -> 8 | G18: =IF(D18=0,0,E18/D18) -> 0.77142857 | H18: =COUNTIFS('Exported from SC '!$X:$X,$B18,'Exported from SC '!$J:$J,"Conformity Check") -> 40 | I18: =COUNTIFS('Exported from SC '!$X:$X,$B18,'Exported from SC '!$J:$J,"Conformity Check",'Exported from SC '!$AC:$AC,"Closed") -> 0 | J18: =H18-I18 -> 40 | K18: =IF(H18=0,0,I18/H18) -> 0 | L18: =D18+H18 -> 75 | M18: =E18+I18 -> 27 | N18: =F18+J18 -> 48 | O18: =IF(L18=0,0,M18/L18) -> 0.36
A19: 3 | B19: PS4-60-09 | C19: Power Gen Package C Generator Auxiliary MCCs & DBs | D19: =COUNTIFS('Exported from SC '!$X:$X,$B19,'Exported from SC '!$J:$J,"Static Test") -> 12 | E19: =COUNTIFS('Exported from SC '!$X:$X,$B19,'Exported from SC '!$J:$J,"Static Test",'Exported from SC '!$AC:$AC,"Closed") -> 9 | F19: =D19-E19 -> 3 | G19: =IF(D19=0,0,E19/D19) -> 0.75 | H19: =COUNTIFS('Exported from SC '!$X:$X,$B19,'Exported from SC '!$J:$J,"Conformity Check") -> 12 | I19: =COUNTIFS('Exported from SC '!$X:$X,$B19,'Exported from SC '!$J:$J,"Conformity Check",'Exported from SC '!$AC:$AC,"Closed") -> 5 | J19: =H19-I19 -> 7 | K19: =IF(H19=0,0,I19/H19) -> 0.41666667 | L19: =D19+H19 -> 24 | M19: =E19+I19 -> 14 | N19: =F19+J19 -> 10 | O19: =IF(L19=0,0,M19/L19) -> 0.58333333
A20: 4 | B20: PS4-60-10 | C20: Power Generation Package D | D20: =COUNTIFS('Exported from SC '!$X:$X,$B20,'Exported from SC '!$J:$J,"Static Test") -> 76 | E20: =COUNTIFS('Exported from SC '!$X:$X,$B20,'Exported from SC '!$J:$J,"Static Test",'Exported from SC '!$AC:$AC,"Closed") -> 66 | F20: =D20-E20 -> 10 | G20: =IF(D20=0,0,E20/D20) -> 0.86842105 | H20: =COUNTIFS('Exported from SC '!$X:$X,$B20,'Exported from SC '!$J:$J,"Conformity Check") -> 95 | I20: =COUNTIFS('Exported from SC '!$X:$X,$B20,'Exported from SC '!$J:$J,"Conformity Check",'Exported from SC '!$AC:$AC,"Closed") -> 10 | J20: =H20-I20 -> 85 | K20: =IF(H20=0,0,I20/H20) -> 0.10526316 | L20: =D20+H20 -> 171 | M20: =E20+I20 -> 76 | N20: =F20+J20 -> 95 | O20: =IF(L20=0,0,M20/L20) -> 0.44444444
A21: 5 | B21: PS4-60-11 | C21: Power Gen Package D (UCP) | D21: =COUNTIFS('Exported from SC '!$X:$X,$B21,'Exported from SC '!$J:$J,"Static Test") -> 35 | E21: =COUNTIFS('Exported from SC '!$X:$X,$B21,'Exported from SC '!$J:$J,"Static Test",'Exported from SC '!$AC:$AC,"Closed") -> 23 | F21: =D21-E21 -> 12 | G21: =IF(D21=0,0,E21/D21) -> 0.65714286 | H21: =COUNTIFS('Exported from SC '!$X:$X,$B21,'Exported from SC '!$J:$J,"Conformity Check") -> 40 | I21: =COUNTIFS('Exported from SC '!$X:$X,$B21,'Exported from SC '!$J:$J,"Conformity Check",'Exported from SC '!$AC:$AC,"Closed") -> 0 | J21: =H21-I21 -> 40 | K21: =IF(H21=0,0,I21/H21) -> 0 | L21: =D21+H21 -> 75 | M21: =E21+I21 -> 23 | N21: =F21+J21 -> 52 | O21: =IF(L21=0,0,M21/L21) -> 0.30666667
A22: 6 | B22: PS4-60-12 | C22: Power Gen Package D Generator Auxiliary MCCs & DBs | D22: =COUNTIFS('Exported from SC '!$X:$X,$B22,'Exported from SC '!$J:$J,"Static Test") -> 11 | E22: =COUNTIFS('Exported from SC '!$X:$X,$B22,'Exported from SC '!$J:$J,"Static Test",'Exported from SC '!$AC:$AC,"Closed") -> 8 | F22: =D22-E22 -> 3 | G22: =IF(D22=0,0,E22/D22) -> 0.72727273 | H22: =COUNTIFS('Exported from SC '!$X:$X,$B22,'Exported from SC '!$J:$J,"Conformity Check") -> 11 | I22: =COUNTIFS('Exported from SC '!$X:$X,$B22,'Exported from SC '!$J:$J,"Conformity Check",'Exported from SC '!$AC:$AC,"Closed") -> 4 | J22: =H22-I22 -> 7 | K22: =IF(H22=0,0,I22/H22) -> 0.36363636 | L22: =D22+H22 -> 22 | M22: =E22+I22 -> 12 | N22: =F22+J22 -> 10 | O22: =IF(L22=0,0,M22/L22) -> 0.54545455
A23: 7 | B23: PS4-60-37 | C23: Injector Tip Cooling Module C | D23: =COUNTIFS('Exported from SC '!$X:$X,$B23,'Exported from SC '!$J:$J,"Static Test") -> 3 | E23: =COUNTIFS('Exported from SC '!$X:$X,$B23,'Exported from SC '!$J:$J,"Static Test",'Exported from SC '!$AC:$AC,"Closed") -> 3 | F23: =D23-E23 -> 0 | G23: =IF(D23=0,0,E23/D23) -> 1 | H23: =COUNTIFS('Exported from SC '!$X:$X,$B23,'Exported from SC '!$J:$J,"Conformity Check") -> 9 | I23: =COUNTIFS('Exported from SC '!$X:$X,$B23,'Exported from SC '!$J:$J,"Conformity Check",'Exported from SC '!$AC:$AC,"Closed") -> 2 | J23: =H23-I23 -> 7 | K23: =IF(H23=0,0,I23/H23) -> 0.22222222 | L23: =D23+H23 -> 12 | M23: =E23+I23 -> 5 | N23: =F23+J23 -> 7 | O23: =IF(L23=0,0,M23/L23) -> 0.41666667
A24: 8 | B24: PS4-60-38 | C24: Injector Tip Cooling Module D | D24: =COUNTIFS('Exported from SC '!$X:$X,$B24,'Exported from SC '!$J:$J,"Static Test") -> 3 | E24: =COUNTIFS('Exported from SC '!$X:$X,$B24,'Exported from SC '!$J:$J,"Static Test",'Exported from SC '!$AC:$AC,"Closed") -> 3 | F24: =D24-E24 -> 0 | G24: =IF(D24=0,0,E24/D24) -> 1 | H24: =COUNTIFS('Exported from SC '!$X:$X,$B24,'Exported from SC '!$J:$J,"Conformity Check") -> 9 | I24: =COUNTIFS('Exported from SC '!$X:$X,$B24,'Exported from SC '!$J:$J,"Conformity Check",'Exported from SC '!$AC:$AC,"Closed") -> 0 | J24: =H24-I24 -> 9 | K24: =IF(H24=0,0,I24/H24) -> 0 | L24: =D24+H24 -> 12 | M24: =E24+I24 -> 3 | N24: =F24+J24 -> 9 | O24: =IF(L24=0,0,M24/L24) -> 0.25
A25: 9 | B25: PS4-60-44 | C25: Oil Mist Separator Skid PS4-60-VS-9100C | D25: =COUNTIFS('Exported from SC '!$X:$X,$B25,'Exported from SC '!$J:$J,"Static Test") -> 2 | E25: =COUNTIFS('Exported from SC '!$X:$X,$B25,'Exported from SC '!$J:$J,"Static Test",'Exported from SC '!$AC:$AC,"Closed") -> 2 | F25: =D25-E25 -> 0 | G25: =IF(D25=0,0,E25/D25) -> 1 | H25: =COUNTIFS('Exported from SC '!$X:$X,$B25,'Exported from SC '!$J:$J,"Conformity Check") -> 4 | I25: =COUNTIFS('Exported from SC '!$X:$X,$B25,'Exported from SC '!$J:$J,"Conformity Check",'Exported from SC '!$AC:$AC,"Closed") -> 0 | J25: =H25-I25 -> 4 | K25: =IF(H25=0,0,I25/H25) -> 0 | L25: =D25+H25 -> 6 | M25: =E25+I25 -> 2 | N25: =F25+J25 -> 4 | O25: =IF(L25=0,0,M25/L25) -> 0.33333333
A26: 10 | B26: PS4-60-45 | C26: Oil Mist Separator Skid PS4-60-VS-9100D | D26: =COUNTIFS('Exported from SC '!$X:$X,$B26,'Exported from SC '!$J:$J,"Static Test") -> 2 | E26: =COUNTIFS('Exported from SC '!$X:$X,$B26,'Exported from SC '!$J:$J,"Static Test",'Exported from SC '!$AC:$AC,"Closed") -> 2 | F26: =D26-E26 -> 0 | G26: =IF(D26=0,0,E26/D26) -> 1 | H26: =COUNTIFS('Exported from SC '!$X:$X,$B26,'Exported from SC '!$J:$J,"Conformity Check") -> 4 | I26: =COUNTIFS('Exported from SC '!$X:$X,$B26,'Exported from SC '!$J:$J,"Conformity Check",'Exported from SC '!$AC:$AC,"Closed") -> 0 | J26: =H26-I26 -> 4 | K26: =IF(H26=0,0,I26/H26) -> 0 | L26: =D26+H26 -> 6 | M26: =E26+I26 -> 2 | N26: =F26+J26 -> 4 | O26: =IF(L26=0,0,M26/L26) -> 0.33333333
A27: 11 | B27: PS4-60-51 | C27: Lube Oil Separator Module PS4-60-UO-81100C | D27: =COUNTIFS('Exported from SC '!$X:$X,$B27,'Exported from SC '!$J:$J,"Static Test") -> 8 | E27: =COUNTIFS('Exported from SC '!$X:$X,$B27,'Exported from SC '!$J:$J,"Static Test",'Exported from SC '!$AC:$AC,"Closed") -> 7 | F27: =D27-E27 -> 1 | G27: =IF(D27=0,0,E27/D27) -> 0.875 | H27: =COUNTIFS('Exported from SC '!$X:$X,$B27,'Exported from SC '!$J:$J,"Conformity Check") -> 10 | I27: =COUNTIFS('Exported from SC '!$X:$X,$B27,'Exported from SC '!$J:$J,"Conformity Check",'Exported from SC '!$AC:$AC,"Closed") -> 1 | J27: =H27-I27 -> 9 | K27: =IF(H27=0,0,I27/H27) -> 0.1 | L27: =D27+H27 -> 18 | M27: =E27+I27 -> 8 | N27: =F27+J27 -> 10 | O27: =IF(L27=0,0,M27/L27) -> 0.44444444
A28: 12 | B28: PS4-60-52 | C28: Lube Oil Separator Module PS4-60-UO-81100D | D28: =COUNTIFS('Exported from SC '!$X:$X,$B28,'Exported from SC '!$J:$J,"Static Test") -> 8 | E28: =COUNTIFS('Exported from SC '!$X:$X,$B28,'Exported from SC '!$J:$J,"Static Test",'Exported from SC '!$AC:$AC,"Closed") -> 6 | F28: =D28-E28 -> 2 | G28: =IF(D28=0,0,E28/D28) -> 0.75 | H28: =COUNTIFS('Exported from SC '!$X:$X,$B28,'Exported from SC '!$J:$J,"Conformity Check") -> 10 | I28: =COUNTIFS('Exported from SC '!$X:$X,$B28,'Exported from SC '!$J:$J,"Conformity Check",'Exported from SC '!$AC:$AC,"Closed") -> 1 | J28: =H28-I28 -> 9 | K28: =IF(H28=0,0,I28/H28) -> 0.1 | L28: =D28+H28 -> 18 | M28: =E28+I28 -> 7 | N28: =F28+J28 -> 11 | O28: =IF(L28=0,0,M28/L28) -> 0.38888889
... A39: 23 | B39: PS4-71-07 | C39: Crude Fuel Separation Module (UCP) | D39: =COUNTIFS('Exported from SC '!$X:$X,$B39,'Exported from SC '!$J:$J,"Static Test") -> 54 | E39: =COUNTIFS('Exported from SC '!$X:$X,$B39,'Exported from SC '!$J:$J,"Static Test",'Exported from SC '!$AC:$AC,"Closed") -> 48 | F39: =D39-E39 -> 6 | G39: =IF(D39=0,0,E39/D39) -> 0.88888889 | H39: =COUNTIFS('Exported from SC '!$X:$X,$B39,'Exported from SC '!$J:$J,"Conformity Check") -> 60 | I39: =COUNTIFS('Exported from SC '!$X:$X,$B39,'Exported from SC '!$J:$J,"Conformity Check",'Exported from SC '!$AC:$AC,"Closed") -> 2 | J39: =H39-I39 -> 58 | K39: =IF(H39=0,0,I39/H39) -> 0.033333333 | L39: =D39+H39 -> 114 | M39: =E39+I39 -> 50 | N39: =F39+J39 -> 64 | O39: =IF(L39=0,0,M39/L39) -> 0.43859649
D40: =SUM(D17:D39) -> 461 | E40: =SUM(E17:E39) -> 379 | F40: =SUM(F17:F39) -> 82 | G40: =E40/D40 -> 0.82212581 | H40: =SUM(H17:H39) -> 610 | I40: =SUM(I17:I39) -> 87 | J40: =SUM(J17:J39) -> 523 | K40: =I40/H40 -> 0.14262295 | L40: =SUM(L17:L39) -> 1071 | M40: =SUM(M17:M39) -> 466 | N40: =SUM(N17:N39) -> 605 | O40: =M40/L40 -> 0.43510738 | P40: =SUM(P17:P39) -> 0 | Q40: =SUM(Q17:Q39) -> 0 | R40: =SUM(R17:R39) -> 0 | S40: =SUM(S17:S39) -> 0 | T40: =SUM(P40:S40) -> 0

Sheet Priority-EDG
B1: CPP AGI - E/I/T Static & Conformity Closure Summary by Subsystem
B2: Source: uploaded ovTasks_TestsPlanned_1369 (21).xlsx | Updated all 44 workbook subsystems | Company filter: CPP AGI | Disciplines combined: Electrical + Instrumentation + Telecom | Closed = Task State = Closed | Overall = Static Test + Conformity Check.
B4: Subsystem IDs | C4: Static Total | D4: Static Balance | E4: Static Closed % | F4: Conformity Total | G4: Conformity Closed | H4: Conformity Balance | I4: Conformity Closed % | J4: Overall Total | K4: Overall Closed | L4: Overall Closed %
B5: =COUNTA(B17:B18) -> 2 | C5: =SUM(D17:D18) -> 75 | D5: =C5-#REF! -> #REF! | E5: =IF(C5=0,0,#REF!/C5) -> #REF! | F5: =SUM(H17:H18) -> 84 | G5: =SUM(I17:I18) -> 42 | H5: =F5-G5 -> 42 | I5: =IF(F5=0,0,G5/F5) -> 0.5 | J5: =C5+F5 -> 159 | K5: =#REF!+G5 -> #REF! | L5: =IF(J5=0,0,K5/J5) -> #REF!
B8: Combined Summary
B9: Group | C9: Static Total | D9: Static Balance | E9: Static Closed % | F9: Conformity Total | G9: Conformity Closed | H9: Conformity Balance | I9: Conformity Closed % | J9: Overall Total | K9: Overall Closed | L9: Overall Balance | M9: Overall Closed %
B10: All E/I/T Disciplines | C10: =SUM(D17:D18) -> 75 | D10: =C10-#REF! -> #REF! | E10: =IF(C10=0,0,#REF!/C10) -> #REF! | F10: =SUM(H17:H18) -> 84 | G10: =SUM(I17:I18) -> 42 | H10: =F10-G10 -> 42 | I10: =IF(F10=0,0,G10/F10) -> 0.5 | J10: =C10+F10 -> 159 | K10: =#REF!+G10 -> #REF! | L10: =J10-K10 -> #REF! | M10: =IF(J10=0,0,K10/J10) -> #REF!
A15: EDG ITR Status | Q15: ITR Closing ON-Going | S15: We cannot Close the below ITR's Right now
A16: Sl NO | B16: Subsystem ID | C16: Subsystem Description | D16: Static Total | E16: Static Closed | F16: Static Balance | G16: Static Closed % | H16: Conformity Total | I16: Conformity Closed | J16: Conformity Balance | K16: Conformity Closed % | L16: Overall Total ITR | M16: Overall Closed ITR | N16: Overall Balance ITR | O16: Overall Closed % | S16: Cable Gland Not available M25/M32/M40 | T16: Cable Lug 500 Sqmm (Hole Missmatch) | U16: Total
A17: 1 | B17: PS4-05-01 | C17: Emergency Diesel Generator Package | D17: =COUNTIFS('Exported from SC '!$X:$X,$B17,'Exported from SC '!$J:$J,"Static Test") -> 51 | E17: =COUNTIFS('Exported from SC '!$X:$X,$B17,'Exported from SC '!$J:$J,"Static Test",'Exported from SC '!$AC:$AC,"Closed") -> 51 | F17: =D17-E17 -> 0 | G17: =IF(D17=0,0,E17/D17) -> 1 | H17: =COUNTIFS('Exported from SC '!$X:$X,$B17,'Exported from SC '!$J:$J,"Conformity Check") -> 55 | I17: =COUNTIFS('Exported from SC '!$X:$X,$B17,'Exported from SC '!$J:$J,"Conformity Check",'Exported from SC '!$AC:$AC,"Closed") -> 20 | J17: =H17-I17 -> 35 | K17: =IF(H17=0,0,I17/H17) -> 0.36363636 | L17: =D17+H17 -> 106 | M17: =E17+I17 -> 71 | N17: =F17+J17 -> 35 | O17: =IF(L17=0,0,M17/L17) -> 0.66981132 | Q17: =N17-U17 -> 8 | S17: 9 | T17: 18 | U17: =T17+S17 -> 27
A18: 2 | B18: PS4-05-02 | C18: Emergency Diesel Generator Package (UCP) | D18: =COUNTIFS('Exported from SC '!$X:$X,$B18,'Exported from SC '!$J:$J,"Static Test") -> 24 | E18: =COUNTIFS('Exported from SC '!$X:$X,$B18,'Exported from SC '!$J:$J,"Static Test",'Exported from SC '!$AC:$AC,"Closed") -> 23 | F18: =D18-E18 -> 1 | G18: =IF(D18=0,0,E18/D18) -> 0.95833333 | H18: =COUNTIFS('Exported from SC '!$X:$X,$B18,'Exported from SC '!$J:$J,"Conformity Check") -> 29 | I18: =COUNTIFS('Exported from SC '!$X:$X,$B18,'Exported from SC '!$J:$J,"Conformity Check",'Exported from SC '!$AC:$AC,"Closed") -> 22 | J18: =H18-I18 -> 7 | K18: =IF(H18=0,0,I18/H18) -> 0.75862069 | L18: =D18+H18 -> 53 | M18: =E18+I18 -> 45 | N18: =F18+J18 -> 8 | O18: =IF(L18=0,0,M18/L18) -> 0.8490566 | Q18: =N18-U18 -> 7 | S18: 1 | T18: 0 | U18: =T18+S18 -> 1
C19: Total | D19: =SUM(D17:D18) -> 75 | E19: =SUM(E17:E18) -> 74 | F19: =SUM(F17:F18) -> 1 | G19: =E19/D19 -> 0.98666667 | H19: =SUM(H17:H18) -> 84 | I19: =SUM(I17:I18) -> 42 | J19: =SUM(J17:J18) -> 42 | K19: =I19/H19 -> 0.5 | L19: =SUM(L17:L18) -> 159 | M19: =SUM(M17:M18) -> 116 | N19: =SUM(N17:N18) -> 43 | O19: =M19/L19 -> 0.72955975 | Q19: =SUM(Q17:Q18) -> 15 | S19: =SUM(S17:S18) -> 10 | T19: =SUM(T17:T18) -> 18 | U19: =SUM(U17:U18) -> 28

Sheet Exported from SC 
A1: Task ID | B1: Asset - Tag | C1: Asset Pack ID | D1: Cable Pack ID | E1: Pipe Pack ID | F1: Loop Name | G1: Description | H1: Category (Summary) | I1: Discipline | J1: Task Type (Name) | K1: Discipline (Summary) | L1: Asset - Description | M1: Systemization - Process Plant ID | N1: Responsible Company (Summary) | O1: Actual Duration | P1: Scheduled Duration | Q1: Task Duration | R1: Title - Actual MH/Person | S1: Title - Planned MH/Person | T1: Field005 (Custom) | U1: Physical Location - Area (Summary) | V1: Systemization - Subsystem (Summary) | W1: Closing Date | X1: Subsystem ID | Y1: Task Priority | Z1: Priority | AA1: Test Form - Description | AB1: Asset Discipline | AC1: Task State | AD1: Subsystem Priority | AE1: Task Model | AF1: Closed By
A2: T-00018-0106 | B2: PS4-61-ISR-0101 | G2: CPX02 - Power transformer | H2: PCOM - Precommissioning | I2: E | J2: Conformity Check | K2: E - Electrical | L2: Shunt Reactor | M2: EACOP | N2: CPP AGI | Q2: 16 | T2: TZ-MID-67-SSF1-150259 | U2: PS4 - TZA - PS4 - Tanzania | V2: PS4-61-01 - 33kV Switchboard EITS Building (PS4-61-IJ-0001) | X2: PS4-61-01 | AA2: Power Transformer | AB2: E | AC2: To be completed | AD2: PS4 - Milestone D | AE2: TM-00018
A3: T-00018-0107 | B3: PS4-61-IU-0010 | G3: CPX02 - Power transformer | H3: PCOM - Precommissioning | I3: E | J3: Conformity Check | K3: E - Electrical | L3: LLHT Oil Transformer | M3: EACOP | N3: CPP AGI | Q3: 16 | T3: TZ-MID-67-SSF1-150259 | U3: PS4 - TZA - PS4 - Tanzania | V3: PS4-61-02 - 6.6kV Switchboard and Transformer LLHT North & South - EITS Building (PS4-61-IJ-0010) | X3: PS4-61-02 | AA3: Power Transformer | AB3: E | AC3: To be completed | AD3: PS4 - Milestone G | AE3: TM-00018
A4: T-00018-0108 | B4: PS4-61-IV-0001A | G4: CPX02 - Power transformer | H4: PCOM - Precommissioning | I4: E | J4: Conformity Check | K4: E - Electrical | L4: Distribution Transformer | M4: EACOP | N4: CPP AGI | Q4: 16 | S4: 16 | T4: TZ-MID-67-SSF1-150259 | U4: PS4 - TZA - PS4 - Tanzania | V4: PS4-61-06 - 0.4kV Switchboard EITS Building (PS4-61-IK-0001) | W4: 46205.474 | X4: PS4-61-06 | AA4: Power Transformer | AB4: E | AC4: Closed | AD4: PS4 - Milestone A | AE4: TM-00018 | AF4: sridhar, muthu
A5: T-00018-0109 | B5: PS4-61-IV-0001B | G5: CPX02 - Power transformer | H5: PCOM - Precommissioning | I5: E | J5: Conformity Check | K5: E - Electrical | L5: Distribution Transformer | M5: EACOP | N5: CPP AGI | Q5: 16 | T5: TZ-MID-67-SSF1-150259 | U5: PS4 - TZA - PS4 - Tanzania | V5: PS4-61-06 - 0.4kV Switchboard EITS Building (PS4-61-IK-0001) | W5: 46205.476 | X5: PS4-61-06 | AA5: Power Transformer | AB5: E | AC5: Closed | AD5: PS4 - Milestone A | AE5: TM-00018 | AF5: sridhar, muthu
A6: T-00018-0110 | B6: PS4-63-IV-0010 | G6: CPX02 - Power transformer | H6: PCOM - Precommissioning | I6: E | J6: Conformity Check | K6: E - Electrical | L6: Earthing Transformer | M6: EACOP | N6: CPP AGI | Q6: 16 | T6: TZ-MID-67-SSF1-150259 | U6: PS4 - TZA - PS4 - Tanzania | V6: PS4-61-01 - 33kV Switchboard EITS Building (PS4-61-IJ-0001) | X6: PS4-61-01 | AA6: Power Transformer | AB6: E | AC6: To be completed | AD6: PS4 - Milestone D | AE6: TM-00018
A7: T-00018-0111 | B7: PS4-63-IV-0011 | G7: CPX02 - Power transformer | H7: PCOM - Precommissioning | I7: E | J7: Conformity Check | K7: E - Electrical | L7: Earthing Transformer | M7: EACOP | N7: CPP AGI | Q7: 16 | T7: TZ-MID-67-SSF1-150259 | U7: PS4 - TZA - PS4 - Tanzania | V7: PS4-61-01 - 33kV Switchboard EITS Building (PS4-61-IJ-0001) | X7: PS4-61-01 | AA7: Power Transformer | AB7: E | AC7: To be completed | AD7: PS4 - Milestone D | AE7: TM-00018
A8: T-00018-0117 | B8: PS4-61-IV-0002A | G8: CPX02 - Power transformer | H8: PCOM - Precommissioning | I8: E | J8: Conformity Check | K8: E - Electrical | L8: Distribution Transformer | M8: EACOP | N8: CPP AGI | Q8: 16 | T8: TZ-MID-67-SSF1-150259 | U8: PS4 - TZA - PS4 - Tanzania | V8: PS4-61-01 - 33kV Switchboard EITS Building (PS4-61-IJ-0001) | X8: PS4-61-01 | AA8: Power Transformer | AB8: E | AC8: To be completed | AD8: PS4 - Milestone D | AE8: TM-00018
A9: T-00018-0118 | B9: PS4-61-IV-0002B | G9: CPX02 - Power transformer | H9: PCOM - Precommissioning | I9: E | J9: Conformity Check | K9: E - Electrical | L9: Distribution Transformer | M9: EACOP | N9: CPP AGI | Q9: 16 | T9: TZ-MID-67-SSF1-150259 | U9: PS4 - TZA - PS4 - Tanzania | V9: PS4-61-01 - 33kV Switchboard EITS Building (PS4-61-IJ-0001) | X9: PS4-61-01 | AA9: Power Transformer | AB9: E | AC9: To be completed | AD9: PS4 - Milestone D | AE9: TM-00018
A10: T-00018-0119 | B10: PS4-61-IV-0007A | G10: CPX02 - Power transformer | H10: PCOM - Precommissioning | I10: E | J10: Conformity Check | K10: E - Electrical | L10: Distribution Transformer | M10: EACOP | N10: CPP AGI | Q10: 16 | T10: TZ-MID-67-SSF1-150259 | U10: PS4 - TZA - PS4 - Tanzania | V10: PS4-61-01 - 33kV Switchboard EITS Building (PS4-61-IJ-0001) | X10: PS4-61-01 | AA10: Power Transformer | AB10: E | AC10: To be completed | AD10: PS4 - Milestone D | AE10: TM-00018
A11: T-00018-0120 | B11: PS4-61-IV-0007B | G11: CPX02 - Power transformer | H11: PCOM - Precommissioning | I11: E | J11: Conformity Check | K11: E - Electrical | L11: Distribution Transformer | M11: EACOP | N11: CPP AGI | Q11: 16 | T11: TZ-MID-67-SSF1-150259 | U11: PS4 - TZA - PS4 - Tanzania | V11: PS4-61-01 - 33kV Switchboard EITS Building (PS4-61-IJ-0001) | X11: PS4-61-01 | AA11: Power Transformer | AB11: E | AC11: To be completed | AD11: PS4 - Milestone D | AE11: TM-00018
A12: T-00018-0174 | B12: PS4-61-IU-3100A | G12: CPX02 - Power transformer | H12: PCOM - Precommissioning | I12: E | J12: Conformity Check | K12: E - Electrical | L12: VFD Transformer | M12: EACOP | N12: CPP AGI | Q12: 16 | U12: PS4 - TZA - PS4 - Tanzania | V12: PS4-25-02 - Crude Oil Export Pump A | X12: PS4-25-02 | AA12: Power Transformer | AB12: E | AC12: To be completed | AD12: PS4 - Milestone H | AE12: TM-00018
A13: T-00018-0175 | B13: PS4-61-IU-3100B | G13: CPX02 - Power transformer | H13: PCOM - Precommissioning | I13: E | J13: Conformity Check | K13: E - Electrical | L13: VFD Transformer | M13: EACOP | N13: CPP AGI | Q13: 16 | U13: PS4 - TZA - PS4 - Tanzania | V13: PS4-25-03 - Crude Oil Export Pump B | X13: PS4-25-03 | AA13: Power Transformer | AB13: E | AC13: To be completed | AD13: PS4 - Milestone H | AE13: TM-00018
A14: T-00018-0176 | B14: PS4-61-IU-3100C | G14: CPX02 - Power transformer | H14: PCOM - Precommissioning | I14: E | J14: Conformity Check | K14: E - Electrical | L14: VFD Transformer | M14: EACOP | N14: CPP AGI | Q14: 16 | U14: PS4 - TZA - PS4 - Tanzania | V14: PS4-25-04 - Crude Oil Export Pump C | X14: PS4-25-04 | AA14: Power Transformer | AB14: E | AC14: To be completed | AD14: PS4 - Milestone H | AE14: TM-00018
A15: T-00018-0185 | B15: PS4-61-IU-0001A | G15: CPX02 - Power transformer | H15: PCOM - Precommissioning | I15: E | J15: Conformity Check | K15: E - Electrical | L15: 11/33kV Transformer - 6.8 MVA | M15: EACOP | N15: CPP AGI | Q15: 16 | U15: PS4 - TZA - PS4 - Tanzania | V15: PS4-60-01 - Power Generation Package A | X15: PS4-60-01 | AA15: Power Transformer | AB15: E | AC15: To be completed | AD15: PS4 - Milestone B | AE15: TM-00018
A16: T-00018-0186 | B16: PS4-61-IU-0001B | G16: CPX02 - Power transformer | H16: PCOM - Precommissioning | I16: E | J16: Conformity Check | K16: E - Electrical | L16: 11/33kV Transformer - 6.8 MVA | M16: EACOP | N16: CPP AGI | Q16: 16 | U16: PS4 - TZA - PS4 - Tanzania | V16: PS4-60-04 - Power Generation Package B | X16: PS4-60-04 | AA16: Power Transformer | AB16: E | AC16: To be completed | AD16: PS4 - Milestone B | AE16: TM-00018
A17: T-00018-0187 | B17: PS4-61-IU-0001C | G17: CPX02 - Power transformer | H17: PCOM - Precommissioning | I17: E | J17: Conformity Check | K17: E - Electrical | L17: 11/33kV Transformer - 6.8 MVA | M17: EACOP | N17: CPP AGI | Q17: 16 | U17: PS4 - TZA - PS4 - Tanzania | V17: PS4-60-07 - Power Generation Package C | X17: PS4-60-07 | AA17: Power Transformer | AB17: E | AC17: To be completed | AD17: PS4 - Milestone D | AE17: TM-00018
A18: T-00018-0188 | B18: PS4-61-IU-0001D | G18: CPX02 - Power transformer | H18: PCOM - Precommissioning | I18: E | J18: Conformity Check | K18: E - Electrical | L18: 11/33kV Transformer - 6.8 MVA | M18: EACOP | N18: CPP AGI | Q18: 16 | U18: PS4 - TZA - PS4 - Tanzania | V18: PS4-60-10 - Power Generation Package D | X18: PS4-60-10 | AA18: Power Transformer | AB18: E | AC18: To be completed | AD18: PS4 - Milestone D | AE18: TM-00018
A19: T-00018-0189 | B19: PS4-61-IU-0001E | G19: CPX02 - Power transformer | H19: PCOM - Precommissioning | I19: E | J19: Conformity Check | K19: E - Electrical | L19: 11/33kV Transformer - 6.8 MVA | M19: EACOP | N19: CPP AGI | Q19: 16 | U19: PS4 - TZA - PS4 - Tanzania | V19: PS4-60-13 - Power Generation Package E | X19: PS4-60-13 | AA19: Power Transformer | AB19: E | AC19: To be completed | AD19: PS4 - Milestone D | AE19: TM-00018
A20: T-00018-0190 | B20: PS4-61-IU-0001F | G20: CPX02 - Power transformer | H20: PCOM - Precommissioning | I20: E | J20: Conformity Check | K20: E - Electrical | L20: 11/33kV Transformer - 6.8 MVA | M20: EACOP | N20: CPP AGI | Q20: 16 | U20: PS4 - TZA - PS4 - Tanzania | V20: PS4-60-16 - Power Generation Package F | X20: PS4-60-16 | AA20: Power Transformer | AB20: E | AC20: To be completed | AD20: PS4 - Milestone D | AE20: TM-00018
A21: T-00018-0191 | B21: PS4-61-IU-0001G | G21: CPX02 - Power transformer | H21: PCOM - Precommissioning | I21: E | J21: Conformity Check | K21: E - Electrical | L21: 11/33kV Transformer - 6.8 MVA | M21: EACOP | N21: CPP AGI | Q21: 16 | U21: PS4 - TZA - PS4 - Tanzania | V21: PS4-60-19 - Power Generation Package G | X21: PS4-60-19 | AA21: Power Transformer | AB21: E | AC21: To be completed | AD21: PS4 - Milestone E | AE21: TM-00018
A22: T-00018-0221 | B22: PS4-79-IV-0001 | G22: CPX02 - Power transformer | H22: PCOM - Precommissioning | I22: E | J22: Conformity Check | K22: E - Electrical | L22: Feeder to EHT Transformer / DB 1 | M22: EACOP | N22: CPP AGI | Q22: 16 | U22: PS4 - TZA - PS4 - Tanzania | V22: PS4-79-01 - Electrical Heat Tracing Transformer/Distribution Board 1 (PS4-79-IG-0001) | X22: PS4-79-01 | AA22: Power Transformer | AB22: E | AC22: To be completed | AD22: PS4 - Milestone H | AE22: TM-00018
A23: T-00018-0222 | B23: PS4-79-IV-0002 | G23: CPX02 - Power transformer | H23: PCOM - Precommissioning | I23: E | J23: Conformity Check | K23: E - Electrical | L23: Feeder to EHT Transformer / DB 2 | M23: EACOP | N23: CPP AGI | Q23: 16 | U23: PS4 - TZA - PS4 - Tanzania | V23: PS4-79-02 - Electrical Heat Tracing Transformer/Distribution Board 2 (PS4-79-IG-0002) | X23: PS4-79-02 | AA23: Power Transformer | AB23: E | AC23: To be completed | AD23: PS4 - Milestone H | AE23: TM-00018
... A36: T-00018-0235 | B36: PS4-87-IRF-0003 | G36: CPX02 - Power transformer | H36: PCOM - Precommissioning | I36: E | J36: Conformity Check | K36: E - Electrical | L36: Transformer Rectifier Unit 3-for tank (PS4-71-TR-4200) | M36: EACOP | N36: CPP AGI | Q36: 16 | U36: PS4 - TZA - PS4 - Tanzania | V36: PS4-71-12 - CFO Service Tank | X36: PS4-71-12 | AA36: Power Transformer | AB36: E | AC36: To be completed | AD36: PS4 - Milestone H | AE36: TM-00018
A37: T-00018-0236 | B37: PS4-87-IRF-0004 | G37: CPX02 - Power transformer | H37: PCOM - Precommissioning | I37: E | J37: Conformity Check | K37: E - Electrical | L37: Transformer Rectifier Unit 4-for tank ( PS4-71-TR-4400) | M37: EACOP | N37: CPP AGI | Q37: 16 | S37: 16 | U37: PS4 - TZA - PS4 - Tanzania | V37: PS4-71-15 - Diesel Fuel Storage Tank | X37: PS4-71-15 | AA37: Power Transformer | AB37: E | AC37: To be completed | AD37: PS4 - Milestone F | AE37: TM-00018
A38: T-00018-0292 | B38: PS4-61-IV-0005A | G38: CPX02 - Power transformer | H38: PCOM - Precommissioning | I38: E | J38: Conformity Check | K38: E - Electrical | L38: Distribution Transformer | M38: EACOP | N38: CPP AGI | Q38: 16 | S38: 16 | U38: PS4 - TZA - PS4 - Tanzania | V38: PS4-61-01 - 33kV Switchboard EITS Building (PS4-61-IJ-0001) | X38: PS4-61-01 | AA38: Power Transformer | AB38: E | AC38: To be completed | AD38: PS4 - Milestone D | AE38: TM-00018
A39: T-00018-0293 | B39: PS4-61-IV-0005B | G39: CPX02 - Power transformer | H39: PCOM - Precommissioning | I39: E | J39: Conformity Check | K39: E - Electrical | L39: Distribution Transformer | M39: EACOP | N39: CPP AGI | Q39: 16 | S39: 16 | U39: PS4 - TZA - PS4 - Tanzania | V39: PS4-61-01 - 33kV Switchboard EITS Building (PS4-61-IJ-0001) | X39: PS4-61-01 | AA39: Power Transformer | AB39: E | AC39: To be completed | AD39: PS4 - Milestone D | AE39: TM-00018
A40: T-00019-0033 | B40: PS4-61-IK-0003 | G40: CPX05 - LV switchboard | H40: PCOM - Precommissioning | I40: E | J40: Conformity Check | K40: E - Electrical | L40: LV SWGR | M40: EACOP | N40: CPP AGI | Q40: 24 | T40: TZ-MID-67-SSF1-150259 | U40: PS4 - TZA - PS4 - Tanzania | V40: PS4-61-04 - 0.4kV Switchboard Power Generator Building (PS4-61-IK-0003) | X40: PS4-61-04 | AA40: LV- Switchboard | AB40: E | AC40: To be completed | AD40: PS4 - Milestone B | AE40: TM-00019
A41: T-00019-0034 | B41: PS4-61-IK-0006 | G41: CPX05 - LV switchboard | H41: PCOM - Precommissioning | I41: E | J41: Conformity Check | K41: E - Electrical | L41: LV SWGR | M41: EACOP | N41: CPP AGI | Q41: 24 | T41: TZ-MID-67-SSF1-150259 | U41: PS4 - TZA - PS4 - Tanzania | V41: PS4-61-05 - 0.4kV Switchboard Power Generator Building (PS4-61-IK-0006) | X41: PS4-61-05 | AA41: LV- Switchboard | AB41: E | AC41: To be completed | AD41: PS4 - Milestone D | AE41: TM-00019
A42: T-00022-3489 | B42: PS4-25-DM-3100A-CH01 | G42: CPX08 - HV Power Cable | H42: PCOM - Precommissioning | I42: E | J42: Conformity Check | K42: E - Electrical | L42: Cable FROM PS4-61-IDH-3100A TO PS4-25-DM-3100A | M42: EACOP | N42: CPP AGI | Q42: 4 | T42: TZ-MID-67-WPR2-150101 | U42: PS4 - TZA - PS4 - Tanzania | V42: PS4-25-02 - Crude Oil Export Pump A | W42: 46136.362 | X42: PS4-25-02 | AA42: HV Power Cable | AB42: E | AC42: Closed | AD42: PS4 - Milestone H | AE42: TM-00022 | AF42: sridhar, muthu
A43: T-00022-3490 | B43: PS4-25-DM-3100A-CH02 | G43: CPX08 - HV Power Cable | H43: PCOM - Precommissioning | I43: E | J43: Conformity Check | K43: E - Electrical | L43: Cable FROM PS4-61-IDH-3100A TO PS4-25-DM-3100A | M43: EACOP | N43: CPP AGI | Q43: 4 | T43: TZ-MID-67-WPR2-150101 | U43: PS4 - TZA - PS4 - Tanzania | V43: PS4-25-02 - Crude Oil Export Pump A | W43: 46136.362 | X43: PS4-25-02 | AA43: HV Power Cable | AB43: E | AC43: Closed | AD43: PS4 - Milestone H | AE43: TM-00022 | AF43: sridhar, muthu
A44: T-00022-3491 | B44: PS4-25-DM-3100A-CH03 | G44: CPX08 - HV Power Cable | H44: PCOM - Precommissioning | I44: E | J44: Conformity Check | K44: E - Electrical | L44: Cable FROM PS4-61-IDH-3100A TO PS4-25-DM-3100A | M44: EACOP | N44: CPP AGI | Q44: 4 | T44: TZ-MID-67-WPR2-150101 | U44: PS4 - TZA - PS4 - Tanzania | V44: PS4-25-02 - Crude Oil Export Pump A | W44: 46136.362 | X44: PS4-25-02 | AA44: HV Power Cable | AB44: E | AC44: Closed | AD44: PS4 - Milestone H | AE44: TM-00022 | AF44: sridhar, muthu
A45: T-00022-3492 | B45: PS4-25-DM-3100A-CH04 | G45: CPX08 - HV Power Cable | H45: PCOM - Precommissioning | I45: E | J45: Conformity Check | K45: E - Electrical | L45: Cable FROM PS4-61-IDH-3100A TO PS4-25-DM-3100A | M45: EACOP | N45: CPP AGI | Q45: 4 | T45: TZ-MID-67-WPR2-150101 | U45: PS4 - TZA - PS4 - Tanzania | V45: PS4-25-02 - Crude Oil Export Pump A | W45: 46136.363 | X45: PS4-25-02 | AA45: HV Power Cable | AB45: E | AC45: Closed | AD45: PS4 - Milestone H | AE45: TM-00022 | AF45: sridhar, muthu
A46: T-00022-3493 | B46: PS4-25-DM-3100A-CH05 | G46: CPX08 - HV Power Cable | H46: PCOM - Precommissioning | I46: E | J46: Conformity Check | K46: E - Electrical | L46: Cable FROM PS4-61-IDH-3100A TO PS4-25-DM-3100A | M46: EACOP | N46: CPP AGI | Q46: 4 | T46: TZ-MID-67-WPR2-150101 | U46: PS4 - TZA - PS4 - Tanzania | V46: PS4-25-02 - Crude Oil Export Pump A | W46: 46136.363 | X46: PS4-25-02 | AA46: HV Power Cable | AB46: E | AC46: Closed | AD46: PS4 - Milestone H | AE46: TM-00022 | AF46: sridhar, muthu
A47: T-00022-3494 | B47: PS4-25-DM-3100A-CH06 | G47: CPX08 - HV Power Cable | H47: PCOM - Precommissioning | I47: E | J47: Conformity Check | K47: E - Electrical | L47: Cable FROM PS4-61-IDH-3100A TO PS4-25-DM-3100A | M47: EACOP | N47: CPP AGI | Q47: 4 | T47: TZ-MID-67-WPR2-150101 | U47: PS4 - TZA - PS4 - Tanzania | V47: PS4-25-02 - Crude Oil Export Pump A | W47: 46136.363 | X47: PS4-25-02 | AA47: HV Power Cable | AB47: E | AC47: Closed | AD47: PS4 - Milestone H | AE47: TM-00022 | AF47: sridhar, muthu
A48: T-00022-3495 | B48: PS4-25-DM-3100B-CH01 | G48: CPX08 - HV Power Cable | H48: PCOM - Precommissioning | I48: E | J48: Conformity Check | K48: E - Electrical | L48: Cable FROM PS4-61-IDH-3100B TO PS4-25-DM-3100B | M48: EACOP | N48: CPP AGI | Q48: 4 | T48: TZ-MID-67-WPR2-150101 | U48: PS4 - TZA - PS4 - Tanzania | V48: PS4-25-03 - Crude Oil Export Pump B | W48: 46136.364 | X48: PS4-25-03 | AA48: HV Power Cable | AB48: E | AC48: Closed | AD48: PS4 - Milestone H | AE48: TM-00022 | AF48: sridhar, muthu
A49: T-00022-3496 | B49: PS4-25-DM-3100B-CH02 | G49: CPX08 - HV Power Cable | H49: PCOM - Precommissioning | I49: E | J49: Conformity Check | K49: E - Electrical | L49: Cable FROM PS4-61-IDH-3100B TO PS4-25-DM-3100B | M49: EACOP | N49: CPP AGI | Q49: 4 | T49: TZ-MID-67-WPR2-150101 | U49: PS4 - TZA - PS4 - Tanzania | V49: PS4-25-03 - Crude Oil Export Pump B | W49: 46136.364 | X49: PS4-25-03 | AA49: HV Power Cable | AB49: E | AC49: Closed | AD49: PS4 - Milestone H | AE49: TM-00022 | AF49: sridhar, muthu
A50: T-00022-3497 | B50: PS4-25-DM-3100B-CH03 | G50: CPX08 - HV Power Cable | H50: PCOM - Precommissioning | I50: E | J50: Conformity Check | K50: E - Electrical | L50: Cable FROM PS4-61-IDH-3100B TO PS4-25-DM-3100B | M50: EACOP | N50: CPP AGI | Q50: 4 | T50: TZ-MID-67-WPR2-150101 | U50: PS4 - TZA - PS4 - Tanzania | V50: PS4-25-03 - Crude Oil Export Pump B | W50: 46136.364 | X50: PS4-25-03 | AA50: HV Power Cable | AB50: E | AC50: Closed | AD50: PS4 - Milestone H | AE50: TM-00022 | AF50: sridhar, muthu
A51: T-00022-3498 | B51: PS4-25-DM-3100B-CH04 | G51: CPX08 - HV Power Cable | H51: PCOM - Precommissioning | I51: E | J51: Conformity Check | K51: E - Electrical | L51: Cable FROM PS4-61-IDH-3100B TO PS4-25-DM-3100B | M51: EACOP | N51: CPP AGI | Q51: 4 | T51: TZ-MID-67-WPR2-150101 | U51: PS4 - TZA - PS4 - Tanzania | V51: PS4-25-03 - Crude Oil Export Pump B | W51: 46136.364 | X51: PS4-25-03 | AA51: HV Power Cable | AB51: E | AC51: Closed | AD51: PS4 - Milestone H | AE51: TM-00022 | AF51: sridhar, muthu
A52: T-00022-3499 | B52: PS4-25-DM-3100B-CH05 | G52: CPX08 - HV Power Cable | H52: PCOM - Precommissioning | I52: E | J52: Conformity Check | K52: E - Electrical | L52: Cable FROM PS4-61-IDH-3100B TO PS4-25-DM-3100B | M52: EACOP | N52: CPP AGI | Q52: 4 | T52: TZ-MID-67-WPR2-150101 | U52: PS4 - TZA - PS4 - Tanzania | V52: PS4-25-03 - Crude Oil Export Pump B | W52: 46136.365 | X52: PS4-25-03 | AA52: HV Power Cable | AB52: E | AC52: Closed | AD52: PS4 - Milestone H | AE52: TM-00022 | AF52: sridhar, muthu
A53: T-00022-3500 | B53: PS4-25-DM-3100B-CH06 | G53: CPX08 - HV Power Cable | H53: PCOM - Precommissioning | I53: E | J53: Conformity Check | K53: E - Electrical | L53: Cable FROM PS4-61-IDH-3100B TO PS4-25-DM-3100B | M53: EACOP | N53: CPP AGI | Q53: 4 | T53: TZ-MID-67-WPR2-150101 | U53: PS4 - TZA - PS4 - Tanzania | V53: PS4-25-03 - Crude Oil Export Pump B | W53: 46136.365 | X53: PS4-25-03 | AA53: HV Power Cable | AB53: E | AC53: Closed | AD53: PS4 - Milestone H | AE53: TM-00022 | AF53: sridhar, muthu
... A180: T-00022-3627 | B180: PS4-61-IV-0002B-CH03 | G180: CPX08 - HV Power Cable | H180: PCOM - Precommissioning | I180: E | J180: Conformity Check | K180: E - Electrical | L180: Cable FROM PS4-61-IJ-0001 TO PS4-61-IV-0002B | M180: EACOP | N180: CPP AGI | Q180: 4 | T180: TZ-MID-67-WPR2-150101 | U180: PS4 - TZA - PS4 - Tanzania | V180: PS4-61-04 - 0.4kV Switchboard Power Generator Building (PS4-61-IK-0003) | W180: 46083.543 | X180: PS4-61-04 | AA180: HV Power Cable | AB180: E | AC180: Closed | AD180: PS4 - Milestone B | AE180: TM-00022 | AF180: sridhar, muthu
A181: T-00022-3628 | B181: PS4-61-IV-0005A-CH01 | G181: CPX08 - HV Power Cable | H181: PCOM - Precommissioning | I181: E | J181: Conformity Check | K181: E - Electrical | L181: Cable FROM PS4-61-IJ-0001 TO PS4-61-IV-0005A | M181: EACOP | N181: CPP AGI | Q181: 4 | T181: TZ-MID-67-WPR2-150101 | U181: PS4 - TZA - PS4 - Tanzania | V181: PS4-61-03 - 0.4kV Switchboard Office & Facilities Building (PS4-61-IK-0005) | X181: PS4-61-03 | AA181: HV Power Cable | AB181: E | AC181: To be completed | AD181: PS4 - Milestone I | AE181: TM-00022
A182: T-00022-3629 | B182: PS4-61-IV-0005A-CH02 | G182: CPX08 - HV Power Cable | H182: PCOM - Precommissioning | I182: E | J182: Conformity Check | K182: E - Electrical | L182: Cable FROM PS4-61-IJ-0001 TO PS4-61-IV-0005A | M182: EACOP | N182: CPP AGI | Q182: 4 | T182: TZ-MID-67-WPR2-150101 | U182: PS4 - TZA - PS4 - Tanzania | V182: PS4-61-03 - 0.4kV Switchboard Office & Facilities Building (PS4-61-IK-0005) | X182: PS4-61-03 | AA182: HV Power Cable | AB182: E | AC182: To be completed | AD182: PS4 - Milestone I | AE182: TM-00022
A183: T-00022-3630 | B183: PS4-61-IV-0005A-CH03 | G183: CPX08 - HV Power Cable | H183: PCOM - Precommissioning | I183: E | J183: Conformity Check | K183: E - Electrical | L183: Cable FROM PS4-61-IJ-0001 TO PS4-61-IV-0005A | M183: EACOP | N183: CPP AGI | Q183: 4 | T183: TZ-MID-67-WPR2-150101 | U183: PS4 - TZA - PS4 - Tanzania | V183: PS4-61-03 - 0.4kV Switchboard Office & Facilities Building (PS4-61-IK-0005) | X183: PS4-61-03 | AA183: HV Power Cable | AB183: E | AC183: To be completed | AD183: PS4 - Milestone I | AE183: TM-00022
A184: T-00022-3631 | B184: PS4-61-IV-0005B-CH01 | G184: CPX08 - HV Power Cable | H184: PCOM - Precommissioning | I184: E | J184: Conformity Check | K184: E - Electrical | L184: Cable FROM PS4-61-IJ-0001 TO PS4-61-IV-0005B | M184: EACOP | N184: CPP AGI | Q184: 4 | T184: TZ-MID-67-WPR2-150101 | U184: PS4 - TZA - PS4 - Tanzania | V184: PS4-61-03 - 0.4kV Switchboard Office & Facilities Building (PS4-61-IK-0005) | X184: PS4-61-03 | AA184: HV Power Cable | AB184: E | AC184: To be completed | AD184: PS4 - Milestone I | AE184: TM-00022
A185: T-00022-3632 | B185: PS4-61-IV-0005B-CH02 | G185: CPX08 - HV Power Cable | H185: PCOM - Precommissioning | I185: E | J185: Conformity Check | K185: E - Electrical | L185: Cable FROM PS4-61-IJ-0001 TO PS4-61-IV-0005B | M185: EACOP | N185: CPP AGI | Q185: 4 | T185: TZ-MID-67-WPR2-150101 | U185: PS4 - TZA - PS4 - Tanzania | V185: PS4-61-03 - 0.4kV Switchboard Office & Facilities Building (PS4-61-IK-0005) | X185: PS4-61-03 | AA185: HV Power Cable | AB185: E | AC185: To be completed | AD185: PS4 - Milestone I | AE185: TM-00022
A186: T-00022-3633 | B186: PS4-61-IV-0005B-CH03 | G186: CPX08 - HV Power Cable | H186: PCOM - Precommissioning | I186: E | J186: Conformity Check | K186: E - Electrical | L186: Cable FROM PS4-61-IJ-0001 TO PS4-61-IV-0005B | M186: EACOP | N186: CPP AGI | Q186: 4 | T186: TZ-MID-67-WPR2-150101 | U186: PS4 - TZA - PS4 - Tanzania | V186: PS4-61-03 - 0.4kV Switchboard Office & Facilities Building (PS4-61-IK-0005) | X186: PS4-61-03 | AA186: HV Power Cable | AB186: E | AC186: To be completed | AD186: PS4 - Milestone I | AE186: TM-00022
A187: T-00022-3634 | B187: PS4-61-IV-0007A-CH01 | G187: CPX08 - HV Power Cable | H187: PCOM - Precommissioning | I187: E | J187: Conformity Check | K187: E - Electrical | L187: Cable FROM PS4-61-IJ-0001 TO PS4-61-IV-0007A | M187: EACOP | N187: CPP AGI | Q187: 4 | T187: TZ-MID-67-WPR2-150101 | U187: PS4 - TZA - PS4 - Tanzania | V187: PS4-61-05 - 0.4kV Switchboard Power Generator Building (PS4-61-IK-0006) | W187: 46083.56 | X187: PS4-61-05 | AA187: HV Power Cable | AB187: E | AC187: Closed | AD187: PS4 - Milestone D | AE187: TM-00022 | AF187: sridhar, muthu
A188: T-00022-3635 | B188: PS4-61-IV-0007A-CH02 | G188: CPX08 - HV Power Cable | H188: PCOM - Precommissioning | I188: E | J188: Conformity Check | K188: E - Electrical | L188: Cable FROM PS4-61-IJ-0001 TO PS4-61-IV-0007A | M188: EACOP | N188: CPP AGI | Q188: 4 | T188: TZ-MID-67-WPR2-150101 | U188: PS4 - TZA - PS4 - Tanzania | V188: PS4-61-05 - 0.4kV Switchboard Power Generator Building (PS4-61-IK-0006) | W188: 46083.561 | X188: PS4-61-05 | AA188: HV Power Cable | AB188: E | AC188: Closed | AD188: PS4 - Milestone D | AE188: TM-00022 | AF188: sridhar, muthu
A189: T-00022-3636 | B189: PS4-61-IV-0007A-CH03 | G189: CPX08 - HV Power Cable | H189: PCOM - Precommissioning | I189: E | J189: Conformity Check | K189: E - Electrical | L189: Cable FROM PS4-61-IJ-0001 TO PS4-61-IV-0007A | M189: EACOP | N189: CPP AGI | Q189: 4 | T189: TZ-MID-67-WPR2-150101 | U189: PS4 - TZA - PS4 - Tanzania | V189: PS4-61-05 - 0.4kV Switchboard Power Generator Building (PS4-61-IK-0006) | W189: 46083.562 | X189: PS4-61-05 | AA189: HV Power Cable | AB189: E | AC189: Closed | AD189: PS4 - Milestone D | AE189: TM-00022 | AF189: sridhar, muthu
A190: T-00022-3637 | B190: PS4-61-IV-0007B-CH01 | G190: CPX08 - HV Power Cable | H190: PCOM - Precommissioning | I190: E | J190: Conformity Check | K190: E - Electrical | L190: Cable FROM PS4-61-IJ-0001 TO PS4-61-IV-0007B | M190: EACOP | N190: CPP AGI | Q190: 4 | T190: TZ-MID-67-WPR2-150101 | U190: PS4 - TZA - PS4 - Tanzania | V190: PS4-61-05 - 0.4kV Switchboard Power Generator Building (PS4-61-IK-0006) | W190: 46083.564 | X190: PS4-61-05 | AA190: HV Power Cable | AB190: E | AC190: Closed | AD190: PS4 - Milestone D | AE190: TM-00022 | AF190: sridhar, muthu
A191: T-00022-3638 | B191: PS4-61-IV-0007B-CH02 | G191: CPX08 - HV Power Cable | H191: PCOM - Precommissioning | I191: E | J191: Conformity Check | K191: E - Electrical | L191: Cable FROM PS4-61-IJ-0001 TO PS4-61-IV-0007B | M191: EACOP | N191: CPP AGI | Q191: 4 | T191: TZ-MID-67-WPR2-150101 | U191: PS4 - TZA - PS4 - Tanzania | V191: PS4-61-05 - 0.4kV Switchboard Power Generator Building (PS4-61-IK-0006) | W191: 46083.566 | X191: PS4-61-05 | AA191: HV Power Cable | AB191: E | AC191: Closed | AD191: PS4 - Milestone D | AE191: TM-00022 | AF191: sridhar, muthu
A192: T-00022-3639 | B192: PS4-61-IV-0007B-CH03 | G192: CPX08 - HV Power Cable | H192: PCOM - Precommissioning | I192: E | J192: Conformity Check | K192: E - Electrical | L192: Cable FROM PS4-61-IJ-0001 TO PS4-61-IV-0007B | M192: EACOP | N192: CPP AGI | Q192: 4 | T192: TZ-MID-67-WPR2-150101 | U192: PS4 - TZA - PS4 - Tanzania | V192: PS4-61-05 - 0.4kV Switchboard Power Generator Building (PS4-61-IK-0006) | W192: 46083.566 | X192: PS4-61-05 | AA192: HV Power Cable | AB192: E | AC192: Closed | AD192: PS4 - Milestone D | AE192: TM-00022 | AF192: sridhar, muthu
A193: T-00022-3640 | B193: PS4-61-NER-0010-CH01 | G193: CPX08 - HV Power Cable | H193: PCOM - Precommissioning | I193: E | J193: Conformity Check | K193: E - Electrical | L193: Cable FROM PS4-61-IU-0010 TO PS4-61-NER-0010 | M193: EACOP | N193: CPP AGI | Q193: 4 | T193: TZ-MID-67-WPR2-150101 | U193: PS4 - TZA - PS4 - Tanzania | V193: PS4-61-02 - 6.6kV Switchboard and Transformer LLHT North & South - EITS Building (PS4-61-IJ-0010) | X193: PS4-61-02 | AA193: HV Power Cable | AB193: E | AC193: To be completed | AD193: PS4 - Milestone G | AE193: TM-00022
A194: T-00022-3641 | B194: PS4-63-IV-0010-CH01 | G194: CPX08 - HV Power Cable | H194: PCOM - Precommissioning | I194: E | J194: Conformity Check | K194: E - Electrical | L194: Cable FROM PS4-61-IJ-0001 TO PS4-63-IV-0010 | M194: EACOP | N194: CPP AGI | Q194: 4 | T194: TZ-MID-67-WPR2-150101 | U194: PS4 - TZA - PS4 - Tanzania | V194: PS4-61-01 - 33kV Switchboard EITS Building (PS4-61-IJ-0001) | W194: 46083.513 | X194: PS4-61-01 | AA194: HV Power Cable | AB194: E | AC194: Closed | AD194: PS4 - Milestone D | AE194: TM-00022 | AF194: sridhar, muthu
A195: T-00022-3642 | B195: PS4-63-IV-0010-CH02 | G195: CPX08 - HV Power Cable | H195: PCOM - Precommissioning | I195: E | J195: Conformity Check | K195: E - Electrical | L195: Cable FROM PS4-61-IJ-0001 TO PS4-63-IV-0010 | M195: EACOP | N195: CPP AGI | Q195: 4 | T195: TZ-MID-67-WPR2-150101 | U195: PS4 - TZA - PS4 - Tanzania | V195: PS4-61-01 - 33kV Switchboard EITS Building (PS4-61-IJ-0001) | W195: 46083.518 | X195: PS4-61-01 | AA195: HV Power Cable | AB195: E | AC195: Closed | AD195: PS4 - Milestone D | AE195: TM-00022 | AF195: sridhar, muthu
A196: T-00022-3643 | B196: PS4-63-IV-0010-CH03 | G196: CPX08 - HV Power Cable | H196: PCOM - Precommissioning | I196: E | J196: Conformity Check | K196: E - Electrical | L196: Cable FROM PS4-61-IJ-0001 TO PS4-63-IV-0010 | M196: EACOP | N196: CPP AGI | Q196: 4 | T196: TZ-MID-67-WPR2-150101 | U196: PS4 - TZA - PS4 - Tanzania | V196: PS4-61-01 - 33kV Switchboard EITS Building (PS4-61-IJ-0001) | W196: 46083.517 | X196: PS4-61-01 | AA196: HV Power Cable | AB196: E | AC196: Closed | AD196: PS4 - Milestone D | AE196: TM-00022 | AF196: sridhar, muthu
A197: T-00022-3644 | B197: PS4-63-IV-0011-CH01 | G197: CPX08 - HV Power Cable | H197: PCOM - Precommissioning | I197: E | J197: Conformity Check | K197: E - Electrical | L197: Cable FROM PS4-61-IJ-0001 TO PS4-63-IV-0011 | M197: EACOP | N197: CPP AGI | Q197: 4 | T197: TZ-MID-67-WPR2-150101 | U197: PS4 - TZA - PS4 - Tanzania | V197: PS4-61-01 - 33kV Switchboard EITS Building (PS4-61-IJ-0001) | W197: 46083.522 | X197: PS4-61-01 | AA197: HV Power Cable | AB197: E | AC197: Closed | AD197: PS4 - Milestone D | AE197: TM-00022 | AF197: sridhar, muthu
A198: T-00022-3645 | B198: PS4-63-IV-0011-CH02 | G198: CPX08 - HV Power Cable | H198: PCOM - Precommissioning | I198: E | J198: Conformity Check | K198: E - Electrical | L198: Cable FROM PS4-61-IJ-0001 TO PS4-63-IV-0011 | M198: EACOP | N198: CPP AGI | Q198: 4 | T198: TZ-MID-67-WPR2-150101 | U198: PS4 - TZA - PS4 - Tanzania | V198: PS4-61-01 - 33kV Switchboard EITS Building (PS4-61-IJ-0001) | W198: 46083.524 | X198: PS4-61-01 | AA198: HV Power Cable | AB198: E | AC198: Closed | AD198: PS4 - Milestone D | AE198: TM-00022 | AF198: sridhar, muthu
A199: T-00022-3646 | B199: PS4-63-IV-0011-CH03 | G199: CPX08 - HV Power Cable | H199: PCOM - Precommissioning | I199: E | J199: Conformity Check | K199: E - Electrical | L199: Cable FROM PS4-61-IJ-0001 TO PS4-63-IV-0011 | M199: EACOP | N199: CPP AGI | Q199: 4 | T199: TZ-MID-67-WPR2-150101 | U199: PS4 - TZA - PS4 - Tanzania | V199: PS4-61-01 - 33kV Switchboard EITS Building (PS4-61-IJ-0001) | W199: 46083.525 | X199: PS4-61-01 | AA199: HV Power Cable | AB199: E | AC199: Closed | AD199: PS4 - Milestone D | AE199: TM-00022 | AF199: sridhar, muthu
A200: T-00022-3647 | B200: PS4-63-NER-0010-CH01 | G200: CPX08 - HV Power Cable | H200: PCOM - Precommissioning | I200: E | J200: Conformity Check | K200: E - Electrical | L200: Cable FROM PS4-63-IV-0010 TO PS4-63-NER-0010 | M200: EACOP | N200: CPP AGI | Q200: 4 | T200: TZ-MID-67-WPR2-150101 | U200: PS4 - TZA - PS4 - Tanzania | V200: PS4-61-01 - 33kV Switchboard EITS Building (PS4-61-IJ-0001) | X200: PS4-61-01 | AA200: HV Power Cable | AB200: E | AC200: To be completed | AD200: PS4 - Milestone D | AE200: TM-00022
A201: T-00022-3648 | B201: PS4-63-NER-0011-CH01 | G201: CPX08 - HV Power Cable | H201: PCOM - Precommissioning | I201: E | J201: Conformity Check | K201: E - Electrical | L201: Cable FROM PS4-63-IV-0011 TO PS4-63-NER-0011 | M201: EACOP | N201: CPP AGI | Q201: 4 | T201: TZ-MID-67-WPR2-150101 | U201: PS4 - TZA - PS4 - Tanzania | V201: PS4-61-01 - 33kV Switchboard EITS Building (PS4-61-IJ-0001) | X201: PS4-61-01 | AA201: HV Power Cable | AB201: E | AC201: To be completed | AD201: PS4 - Milestone D | AE201: TM-00022
A202: T-00022-3649 | B202: PS4-79-BH-0001-CH01 | G202: CPX08 - HV Power Cable | H202: PCOM - Precommissioning | I202: E | J202: Conformity Check | K202: E - Electrical | L202: Cable FROM PS4-61-IJ-0010 TO PS4-79-BH-0001 | M202: EACOP | N202: CPP AGI | Q202: 4 | T202: TZ-MID-67-WPR2-150101 | U202: PS4 - TZA - PS4 - Tanzania | V202: PS4-61-02 - 6.6kV Switchboard and Transformer LLHT North & South - EITS Building (PS4-61-IJ-0010) | W202: 46136.371 | X202: PS4-61-02 | AA202: HV Power Cable | AB202: E | AC202: Closed | AD202: PS4 - Milestone G | AE202: TM-00022 | AF202: sridhar, muthu
A203: T-00022-3650 | B203: PS4-79-BH-0001-CH02 | G203: CPX08 - HV Power Cable | H203: PCOM - Precommissioning | I203: E | J203: Conformity Check | K203: E - Electrical | L203: Cable FROM PS4-61-IJ-0010 TO PS4-79-BH-0001 | M203: EACOP | N203: CPP AGI | Q203: 4 | T203: TZ-MID-67-WPR2-150101 | U203: PS4 - TZA - PS4 - Tanzania | V203: PS4-61-02 - 6.6kV Switchboard and Transformer LLHT North & South - EITS Building (PS4-61-IJ-0010) | W203: 46136.371 | X203: PS4-61-02 | AA203: HV Power Cable | AB203: E | AC203: Closed | AD203: PS4 - Milestone G | AE203: TM-00022 | AF203: sridhar, muthu
A204: T-00022-3651 | B204: PS4-79-BH-0001-CH03 | G204: CPX08 - HV Power Cable | H204: PCOM - Precommissioning | I204: E | J204: Conformity Check | K204: E - Electrical | L204: Cable FROM PS4-61-IJ-0010 TO PS4-79-BH-0001 | M204: EACOP | N204: CPP AGI | Q204: 4 | T204: TZ-MID-67-WPR2-150101 | U204: PS4 - TZA - PS4 - Tanzania | V204: PS4-61-02 - 6.6kV Switchboard and Transformer LLHT North & South - EITS Building (PS4-61-IJ-0010) | W204: 46136.371 | X204: PS4-61-02 | AA204: HV Power Cable | AB204: E | AC204: Closed | AD204: PS4 - Milestone G | AE204: TM-00022 | AF204: sridhar, muthu
A205: T-00022-3652 | B205: PS4-79-BH-0002-CH01 | G205: CPX08 - HV Power Cable | H205: PCOM - Precommissioning | I205: E | J205: Conformity Check | K205: E - Electrical | L205: Cable FROM PS4-61-IJ-0010 TO PS4-79-BH-0002 | M205: EACOP | N205: CPP AGI | Q205: 4 | T205: TZ-MID-67-WPR2-150101 | U205: PS4 - TZA - PS4 - Tanzania | V205: PS4-61-02 - 6.6kV Switchboard and Transformer LLHT North & South - EITS Building (PS4-61-IJ-0010) | W205: 46136.372 | X205: PS4-61-02 | AA205: HV Power Cable | AB205: E | AC205: Closed | AD205: PS4 - Milestone G | AE205: TM-00022 | AF205: sridhar, muthu
A206: T-00022-3653 | B206: PS4-79-BH-0002-CH02 | G206: CPX08 - HV Power Cable | H206: PCOM - Precommissioning | I206: E | J206: Conformity Check | K206: E - Electrical | L206: Cable FROM PS4-61-IJ-0010 TO PS4-79-BH-0002 | M206: EACOP | N206: CPP AGI | Q206: 4 | T206: TZ-MID-67-WPR2-150101 | U206: PS4 - TZA - PS4 - Tanzania | V206: PS4-61-02 - 6.6kV Switchboard and Transformer LLHT North & South - EITS Building (PS4-61-IJ-0010) | W206: 46136.372 | X206: PS4-61-02 | AA206: HV Power Cable | AB206: E | AC206: Closed | AD206: PS4 - Milestone G | AE206: TM-00022 | AF206: sridhar, muthu
A207: T-00022-3654 | B207: PS4-79-BH-0002-CH03 | G207: CPX08 - HV Power Cable | H207: PCOM - Precommissioning | I207: E | J207: Conformity Check | K207: E - Electrical | L207: Cable FROM PS4-61-IJ-0010 TO PS4-79-BH-0002 | M207: EACOP | N207: CPP AGI | Q207: 4 | T207: TZ-MID-67-WPR2-150101 | U207: PS4 - TZA - PS4 - Tanzania | V207: PS4-61-02 - 6.6kV Switchboard and Transformer LLHT North & South - EITS Building (PS4-61-IJ-0010) | W207: 46136.372 | X207: PS4-61-02 | AA207: HV Power Cable | AB207: E | AC207: Closed | AD207: PS4 - Milestone G | AE207: TM-00022 | AF207: sridhar, muthu
A208: T-00023-10030 | B208: PS4-62-IE-0001-CL02 | G208: CPX09 - LV Power Cable | H208: PCOM - Precommissioning | I208: E | J208: Conformity Check | K208: E - Electrical | L208: Cable FROM PS4-61-IG-0005 TO PS4-62-IE-0001 | M208: EACOP | N208: CPP AGI | Q208: 1 | S208: 1 | U208: PS4 - TZA - PS4 - Tanzania | V208: PS4-62-01 - Lighting Control Panel - PS4-62-IE-0001 | X208: PS4-62-01 | AA208: LV Power Cable | AB208: E | AC208: To be completed | AD208: PS4 - Milestone G | AE208: TM-00023
A209: T-00023-10031 | B209: PS4-62-IE-0001-CL03 | G209: CPX09 - LV Power Cable | H209: PCOM - Precommissioning | I209: E | J209: Conformity Check | K209: E - Electrical | L209: Cable FROM PS4-61-IG-0005 TO PS4-62-IE-0001 | M209: EACOP | N209: CPP AGI | Q209: 1 | S209: 1 | U209: PS4 - TZA - PS4 - Tanzania | V209: PS4-62-01 - Lighting Control Panel - PS4-62-IE-0001 | X209: PS4-62-01 | AA209: LV Power Cable | AB209: E | AC209: To be completed | AD209: PS4 - Milestone G | AE209: TM-00023
A210: T-00023-10032 | B210: PS4-62-IE-0001-CL04 | G210: CPX09 - LV Power Cable | H210: PCOM - Precommissioning | I210: E | J210: Conformity Check | K210: E - Electrical | L210: Cable FROM PS4-61-IG-0005 TO PS4-62-IE-0001 | M210: EACOP | N210: CPP AGI | Q210: 1 | S210: 1 | U210: PS4 - TZA - PS4 - Tanzania | V210: PS4-62-01 - Lighting Control Panel - PS4-62-IE-0001 | X210: PS4-62-01 | AA210: LV Power Cable | AB210: E | AC210: To be completed | AD210: PS4 - Milestone G | AE210: TM-00023
A211: T-00023-10033 | B211: PS4-62-IE-0001-CL05 | G211: CPX09 - LV Power Cable | H211: PCOM - Precommissioning | I211: E | J211: Conformity Check | K211: E - Electrical | L211: Cable FROM PS4-61-IG-0005 TO PS4-62-IE-0001 | M211: EACOP | N211: CPP AGI | Q211: 1 | S211: 1 | U211: PS4 - TZA - PS4 - Tanzania | V211: PS4-62-01 - Lighting Control Panel - PS4-62-IE-0001 | X211: PS4-62-01 | AA211: LV Power Cable | AB211: E | AC211: To be completed | AD211: PS4 - Milestone G | AE211: TM-00023
A212: T-00023-10034 | B212: PS4-62-IE-0001-CL06 | G212: CPX09 - LV Power Cable | H212: PCOM - Precommissioning | I212: E | J212: Conformity Check | K212: E - Electrical | L212: Cable FROM PS4-61-IG-0005 TO PS4-62-IE-0001 | M212: EACOP | N212: CPP AGI | Q212: 1 | S212: 1 | U212: PS4 - TZA - PS4 - Tanzania | V212: PS4-62-01 - Lighting Control Panel - PS4-62-IE-0001 | X212: PS4-62-01 | AA212: LV Power Cable | AB212: E | AC212: To be completed | AD212: PS4 - Milestone G | AE212: TM-00023
A213: T-00023-10035 | B213: PS4-62-IE-0001-CL07 | G213: CPX09 - LV Power Cable | H213: PCOM - Precommissioning | I213: E | J213: Conformity Check | K213: E - Electrical | L213: Cable FROM PS4-61-IG-0005 TO PS4-62-IE-0001 | M213: EACOP | N213: CPP AGI | Q213: 1 | S213: 1 | U213: PS4 - TZA - PS4 - Tanzania | V213: PS4-62-01 - Lighting Control Panel - PS4-62-IE-0001 | X213: PS4-62-01 | AA213: LV Power Cable | AB213: E | AC213: To be completed | AD213: PS4 - Milestone G | AE213: TM-00023
A214: T-00023-10036 | B214: PS4-62-IE-0001-CL08 | G214: CPX09 - LV Power Cable | H214: PCOM - Precommissioning | I214: E | J214: Conformity Check | K214: E - Electrical | L214: Cable FROM PS4-61-IG-0005 TO PS4-62-IE-0001 | M214: EACOP | N214: CPP AGI | Q214: 1 | S214: 1 | U214: PS4 - TZA - PS4 - Tanzania | V214: PS4-62-01 - Lighting Control Panel - PS4-62-IE-0001 | X214: PS4-62-01 | AA214: LV Power Cable | AB214: E | AC214: To be completed | AD214: PS4 - Milestone G | AE214: TM-00023
A215: T-00023-10037 | B215: PS4-62-IE-0001-CL52 | G215: CPX09 - LV Power Cable | H215: PCOM - Precommissioning | I215: E | J215: Conformity Check | K215: E - Electrical | L215: Cable FROM PS4-05-IG-0004 TO PS4-62-IE-0001 | M215: EACOP | N215: CPP AGI | Q215: 1 | S215: 1 | U215: PS4 - TZA - PS4 - Tanzania | V215: PS4-62-01 - Lighting Control Panel - PS4-62-IE-0001 | X215: PS4-62-01 | AA215: LV Power Cable | AB215: E | AC215: To be completed | AD215: PS4 - Milestone G | AE215: TM-00023
A216: T-00023-10038 | B216: PS4-62-IE-0001-CL53 | G216: CPX09 - LV Power Cable | H216: PCOM - Precommissioning | I216: E | J216: Conformity Check | K216: E - Electrical | L216: Cable FROM PS4-05-IG-0004 TO PS4-62-IE-0001 | M216: EACOP | N216: CPP AGI | Q216: 1 | S216: 1 | U216: PS4 - TZA - PS4 - Tanzania | V216: PS4-62-01 - Lighting Control Panel - PS4-62-IE-0001 | X216: PS4-62-01 | AA216: LV Power Cable | AB216: E | AC216: To be completed | AD216: PS4 - Milestone G | AE216: TM-00023
A217: T-00023-10039 | B217: PS4-62-IE-0001-CL54 | G217: CPX09 - LV Power Cable | H217: PCOM - Precommissioning | I217: E | J217: Conformity Check | K217: E - Electrical | L217: Cable FROM PS4-05-IG-0004 TO PS4-62-IE-0001 | M217: EACOP | N217: CPP AGI | Q217: 1 | S217: 1 | U217: PS4 - TZA - PS4 - Tanzania | V217: PS4-62-01 - Lighting Control Panel - PS4-62-IE-0001 | X217: PS4-62-01 | AA217: LV Power Cable | AB217: E | AC217: To be completed | AD217: PS4 - Milestone G | AE217: TM-00023
A218: T-00023-10040 | B218: PS4-62-IE-0001-CL55 | G218: CPX09 - LV Power Cable | H218: PCOM - Precommissioning | I218: E | J218: Conformity Check | K218: E - Electrical | L218: Cable FROM PS4-05-IG-0004 TO PS4-62-IE-0001 | M218: EACOP | N218: CPP AGI | Q218: 1 | S218: 1 | U218: PS4 - TZA - PS4 - Tanzania | V218: PS4-62-01 - Lighting Control Panel - PS4-62-IE-0001 | X218: PS4-62-01 | AA218: LV Power Cable | AB218: E | AC218: To be completed | AD218: PS4 - Milestone G | AE218: TM-00023
A219: T-00023-10041 | B219: PS4-62-IE-0001-CL56 | G219: CPX09 - LV Power Cable | H219: PCOM - Precommissioning | I219: E | J219: Conformity Check | K219: E - Electrical | L219: Cable FROM PS4-05-IG-0004 TO PS4-62-IE-0001 | M219: EACOP | N219: CPP AGI | Q219: 1 | S219: 1 | U219: PS4 - TZA - PS4 - Tanzania | V219: PS4-62-01 - Lighting Control Panel - PS4-62-IE-0001 | X219: PS4-62-01 | AA219: LV Power Cable | AB219: E | AC219: To be completed | AD219: PS4 - Milestone G | AE219: TM-00023
... A237: T-00023-10059 | B237: PS4-62-IE-0002-CL59 | G237: CPX09 - LV Power Cable | H237: PCOM - Precommissioning | I237: E | J237: Conformity Check | K237: E - Electrical | L237: Cable FROM PS4-05-IG-0006 TO PS4-62-IE-0002 | M237: EACOP | N237: CPP AGI | Q237: 1 | S237: 1 | U237: PS4 - TZA - PS4 - Tanzania | V237: PS4-62-02 - Lighting Control Panel - PS4-62-IE-0002 | X237: PS4-62-02 | AA237: LV Power Cable | AB237: E | AC237: To be completed | AD237: PS4 - Milestone G | AE237: TM-00023
A238: T-00023-10527 | B238: PS4-06-GB-0003-CG01 | G238: CPX09 - LV Power Cable | H238: PCOM - Precommissioning | I238: E | J238: Conformity Check | K238: E - Electrical | L238: Cable FROM PS4-06-GU-0003A TO PS4-06-GB-0003 | M238: EACOP | N238: CPP AGI | Q238: 1 | S238: 1 | U238: PS4 - TZA - PS4 - Tanzania | V238: PS4-06-02 - AC UPS - Power Generator Building | W238: 46233.617 | X238: PS4-06-02 | AA238: LV Power Cable | AB238: E | AC238: Closed | AD238: PS4 - Milestone B | AE238: TM-00023 | AF238: sridhar, muthu
A239: T-00023-10528 | B239: PS4-60-IN-0002A-CG01 | G239: CPX09 - LV Power Cable | H239: PCOM - Precommissioning | I239: E | J239: Conformity Check | K239: E - Electrical | L239: Cable FROM PS4-60-IH-0001A TO PS4-60-IN-0002A | M239: EACOP | N239: CPP AGI | Q239: 1 | S239: 1 | U239: PS4 - TZA - PS4 - Tanzania | V239: PS4-60-57 - Fuel Conditioning Module PS4-60-UZ-8900A (UCP) | W239: 46220.818 | X239: PS4-60-57 | AA239: LV Power Cable | AB239: E | AC239: Closed | AD239: PS4 - Milestone B | AE239: TM-00023 | AF239: sridhar, muthu
A240: T-00023-10529 | B240: PS4-60-IN-0002B-CG01 | G240: CPX09 - LV Power Cable | H240: PCOM - Precommissioning | I240: E | J240: Conformity Check | K240: E - Electrical | L240: Cable FROM PS4-60-IH-0001B TO PS4-60-IN-0002B | M240: EACOP | N240: CPP AGI | Q240: 1 | S240: 1 | U240: PS4 - TZA - PS4 - Tanzania | V240: PS4-60-59 - Fuel Conditioning Module PS4-60-UZ-8900B (UCP) | W240: 46220.819 | X240: PS4-60-59 | AA240: LV Power Cable | AB240: E | AC240: Closed | AD240: PS4 - Milestone B | AE240: TM-00023 | AF240: sridhar, muthu
A241: T-00023-10530 | B241: PS4-60-IN-0002C-CG01 | G241: CPX09 - LV Power Cable | H241: PCOM - Precommissioning | I241: E | J241: Conformity Check | K241: E - Electrical | L241: Cable FROM PS4-60-IH-0001C TO PS4-60-IN-0002C | M241: EACOP | N241: CPP AGI | Q241: 1 | S241: 1 | U241: PS4 - TZA - PS4 - Tanzania | V241: PS4-60-61 - Fuel Conditioning Module PS4-60-UZ-8900C (UCP) | X241: PS4-60-61 | AA241: LV Power Cable | AB241: E | AC241: To be completed | AD241: PS4 - Milestone D | AE241: TM-00023
A242: T-00023-10531 | B242: PS4-60-IN-0002D-CG01 | G242: CPX09 - LV Power Cable | H242: PCOM - Precommissioning | I242: E | J242: Conformity Check | K242: E - Electrical | L242: Cable FROM PS4-60-IH-0001D TO PS4-60-IN-0002D | M242: EACOP | N242: CPP AGI | Q242: 1 | S242: 1 | U242: PS4 - TZA - PS4 - Tanzania | V242: PS4-60-63 - Fuel Conditioning Module PS4-60-UZ-8900D (UCP) | X242: PS4-60-63 | AA242: LV Power Cable | AB242: E | AC242: To be completed | AD242: PS4 - Milestone D | AE242: TM-00023
A243: T-00023-10532 | B243: PS4-60-IN-0002E-CG01 | G243: CPX09 - LV Power Cable | H243: PCOM - Precommissioning | I243: E | J243: Conformity Check | K243: E - Electrical | L243: Cable FROM PS4-60-IH-0001E TO PS4-60-IN-0002E | M243: EACOP | N243: CPP AGI | Q243: 1 | S243: 1 | U243: PS4 - TZA - PS4 - Tanzania | V243: PS4-60-65 - Fuel Conditioning Module PS4-60-UZ-8900E (UCP) | X243: PS4-60-65 | AA243: LV Power Cable | AB243: E | AC243: To be completed | AD243: PS4 - Milestone D | AE243: TM-00023
A244: T-00023-10533 | B244: PS4-60-IN-0002F-CG01 | G244: CPX09 - LV Power Cable | H244: PCOM - Precommissioning | I244: E | J244: Conformity Check | K244: E - Electrical | L244: Cable FROM PS4-60-IH-0001F TO PS4-60-IN-0002F | M244: EACOP | N244: CPP AGI | Q244: 1 | S244: 1 | U244: PS4 - TZA - PS4 - Tanzania | V244: PS4-60-67 - Fuel Conditioning Module PS4-60-UZ-8900F (UCP) | X244: PS4-60-67 | AA244: LV Power Cable | AB244: E | AC244: To be completed | AD244: PS4 - Milestone D | AE244: TM-00023
A245: T-00023-10534 | B245: PS4-60-IN-0002G-CG01 | G245: CPX09 - LV Power Cable | H245: PCOM - Precommissioning | I245: E | J245: Conformity Check | K245: E - Electrical | L245: Cable FROM PS4-60-IH-0001G TO PS4-60-IN-0002G | M245: EACOP | N245: CPP AGI | Q245: 1 | S245: 1 | U245: PS4 - TZA - PS4 - Tanzania | V245: PS4-60-69 - Fuel Conditioning Module PS4-60-UZ-8900G (UCP) | X245: PS4-60-69 | AA245: LV Power Cable | AB245: E | AC245: To be completed | AD245: PS4 - Milestone E | AE245: TM-00023
A246: T-00023-10621 | B246: PS4-05-BE-0001-CG01 | G246: CPX09 - LV Power Cable | H246: PCOM - Precommissioning | I246: E | J246: Conformity Check | K246: E - Electrical | L246: Cable FROM PS4-05-DG-8100 TO PS4-05-BE-0001 | M246: EACOP | N246: CPP AGI | Q246: 1 | S246: 1 | U246: PS4 - TZA - PS4 - Tanzania | V246: PS4-05-01 - Emergency Diesel Generator Package | W246: 46228.544 | X246: PS4-05-01 | AA246: LV Power Cable | AB246: E | AC246: Closed | AD246: PS4 - Milestone C | AE246: TM-00023 | AF246: sridhar, muthu
A247: T-00023-10622 | B247: PS4-06-IG-0004A-CG01 | G247: CPX09 - LV Power Cable | H247: PCOM - Precommissioning | I247: E | J247: Conformity Check | K247: E - Electrical | L247: Cable FROM PS4-06-GU-0003A TO PS4-06-IG-0004A | M247: EACOP | N247: CPP AGI | Q247: 1 | S247: 1 | U247: PS4 - TZA - PS4 - Tanzania | V247: PS4-06-02 - AC UPS - Power Generator Building | W247: 46233.682 | X247: PS4-06-02 | AA247: LV Power Cable | AB247: E | AC247: Closed | AD247: PS4 - Milestone B | AE247: TM-00023 | AF247: sridhar, muthu
A248: T-00023-10623 | B248: PS4-06-IG-0004B-CG01 | G248: CPX09 - LV Power Cable | H248: PCOM - Precommissioning | I248: E | J248: Conformity Check | K248: E - Electrical | L248: Cable FROM PS4-06-GU-0003B TO PS4-06-IG-0004B | M248: EACOP | N248: CPP AGI | Q248: 1 | S248: 1 | U248: PS4 - TZA - PS4 - Tanzania | V248: PS4-06-02 - AC UPS - Power Generator Building | W248: 46233.687 | X248: PS4-06-02 | AA248: LV Power Cable | AB248: E | AC248: Closed | AD248: PS4 - Milestone B | AE248: TM-00023 | AF248: sridhar, muthu
A249: T-00023-10624 | B249: PS4-25-DM-3100A-CG01 | G249: CPX09 - LV Power Cable | H249: PCOM - Precommissioning | I249: E | J249: Conformity Check | K249: E - Electrical | L249: Cable FROM PS4-61-IDH-3100A TO PS4-25-DM-3100A | M249: EACOP | N249: CPP AGI | Q249: 1 | S249: 1 | U249: PS4 - TZA - PS4 - Tanzania | V249: PS4-25-02 - Crude Oil Export Pump A | X249: PS4-25-02 | AA249: LV Power Cable | AB249: E | AC249: To be completed | AD249: PS4 - Milestone H | AE249: TM-00023
A250: T-00023-10625 | B250: PS4-25-DM-3100A-CG02 | G250: CPX09 - LV Power Cable | H250: PCOM - Precommissioning | I250: E | J250: Conformity Check | K250: E - Electrical | L250: Cable FROM PS4-61-IDH-3100A TO PS4-25-DM-3100A | M250: EACOP | N250: CPP AGI | Q250: 1 | S250: 1 | U250: PS4 - TZA - PS4 - Tanzania | V250: PS4-25-02 - Crude Oil Export Pump A | X250: PS4-25-02 | AA250: LV Power Cable | AB250: E | AC250: To be completed | AD250: PS4 - Milestone H | AE250: TM-00023
A251: T-00023-10626 | B251: PS4-25-DM-3100B-CG01 | G251: CPX09 - LV Power Cable | H251: PCOM - Precommissioning | I251: E | J251: Conformity Check | K251: E - Electrical | L251: Cable FROM PS4-61-IDH-3100B TO PS4-25-DM-3100B | M251: EACOP | N251: CPP AGI | Q251: 1 | S251: 1 | U251: PS4 - TZA - PS4 - Tanzania | V251: PS4-25-03 - Crude Oil Export Pump B | X251: PS4-25-03 | AA251: LV Power Cable | AB251: E | AC251: To be completed | AD251: PS4 - Milestone H | AE251: TM-00023
A252: T-00023-10627 | B252: PS4-25-DM-3100B-CG02 | G252: CPX09 - LV Power Cable | H252: PCOM - Precommissioning | I252: E | J252: Conformity Check | K252: E - Electrical | L252: Cable FROM PS4-61-IDH-3100B TO PS4-25-DM-3100B | M252: EACOP | N252: CPP AGI | Q252: 1 | S252: 1 | U252: PS4 - TZA - PS4 - Tanzania | V252: PS4-25-03 - Crude Oil Export Pump B | X252: PS4-25-03 | AA252: LV Power Cable | AB252: E | AC252: To be completed | AD252: PS4 - Milestone H | AE252: TM-00023
A253: T-00023-10628 | B253: PS4-25-DM-3100C-CG01 | G253: CPX09 - LV Power Cable | H253: PCOM - Precommissioning | I253: E | J253: Conformity Check | K253: E - Electrical | L253: Cable FROM PS4-61-IDH-3100C TO PS4-25-DM-3100C | M253: EACOP | N253: CPP AGI | Q253: 1 | S253: 1 | U253: PS4 - TZA - PS4 - Tanzania | V253: PS4-25-04 - Crude Oil Export Pump C | X253: PS4-25-04 | AA253: LV Power Cable | AB253: E | AC253: To be completed | AD253: PS4 - Milestone H | AE253: TM-00023
A254: T-00023-10629 | B254: PS4-25-DM-3100C-CG02 | G254: CPX09 - LV Power Cable | H254: PCOM - Precommissioning | I254: E | J254: Conformity Check | K254: E - Electrical | L254: Cable FROM PS4-61-IDH-3100C TO PS4-25-DM-3100C | M254: EACOP | N254: CPP AGI | Q254: 1 | S254: 1 | U254: PS4 - TZA - PS4 - Tanzania | V254: PS4-25-04 - Crude Oil Export Pump C | X254: PS4-25-04 | AA254: LV Power Cable | AB254: E | AC254: To be completed | AD254: PS4 - Milestone H | AE254: TM-00023
A255: T-00023-10630 | B255: PS4-60-IH-0001A-CG01 | G255: CPX09 - LV Power Cable | H255: PCOM - Precommissioning | I255: E | J255: Conformity Check | K255: E - Electrical | L255: Cable FROM PS4-61-IK-0003 TO PS4-60-IH-0001A | M255: EACOP | N255: CPP AGI | Q255: 1 | S255: 1 | U255: PS4 - TZA - PS4 - Tanzania | V255: PS4-60-03 - Power Gen Package A Generator Auxiliary MCCs & DBs | W255: 46226.319 | X255: PS4-60-03 | AA255: LV Power Cable | AB255: E | AC255: Closed | AD255: PS4 - Milestone B | AE255: TM-00023 | AF255: sridhar, muthu
...
